name,priority,total_observations,recent_observations,ra_j2000,dec_j2000,v_mag,r_mag,gaia_g_mag,depth_mmag,duration_hours,t0_bjd_tdb,t0_unc,period_days,period_unc,current_oc_min,min_telescope_inches,expected_transit_snr_tess
55Cnce,high,0,0,08:52:35.8113,+28:19:50.956,5.96,5.4,5.714,0.45,1.56,2455962.0727,0.0007,0.736545,9e-07,0.0,120.78,10.44
AUMicb,medium,0,0,20:45:09.5323,-31:20:27.241,8.627,9.078,7.84,3.32,3.51,2458330.39051,0.00015,8.463,2e-06,0.0,14.54,63.77
AUMicc,medium,0,0,20:45:09.5323,-31:20:27.241,8.627,9.078,7.84,1.96,4.51,2458342.2223,0.0005,18.859019,1.6e-05,0.0,23.6,43.71
CoRoT-2b,low,34,1,19:27:06.4944,+01:23:01.357,12.568,12.204,12.249,36.99,2.28,2457347.04314,0.00012,1.742997,1.1e-07,0.32,5.82,57.44
CoRoT-10b,high,0,0,19:24:15.2868,+00:44:46.003,15.216,15.48,14.665,15.32,3.02,2454273.3443,0.0012,13.2406,0.0002,0.0,38.46,7.33
CoRoT-11b,alert,23,0,18:42:44.9499,+05:56:15.652,12.939,12.622,12.841,11.76,2.49,2454597.6797,0.0003,2.99433,1.1e-05,-119.4,8.68,12.94
CoRoT-19b,high,0,0,06:28:08.0586,-00:10:14.532,14.007,14.17,13.783,8.08,4.7,2455257.4418,0.0006,3.89713,2e-05,0.0,24.58,7.09
DSTucAb,medium,0,0,23:39:39.4809,-69:11:44.709,8.47,9.28,8.319,3.93,3.18,2458332.31077,0.00026,8.138268,1.1e-05,0.0,12.66,49.75
EPIC211945201b,medium,0,0,09:06:17.7565,+19:24:08.051,10.15,9.847,10.051,1.65,3.91,2458113.9399,0.0004,19.49213,1e-05,0.0,30.26,10.59
EPIC246851721b,alert,2,2,05:15:40.7537,+16:16:43.518,11.24,11.034,11.255,5.39,4.1,2457865.11032,0.0001,6.180235,1.4e-05,13.0,10.81,18.84
G9-40b,medium,0,0,08:58:52.3299,+21:04:34.202,13.821,12.683,12.733,4.26,1.33,2458497.77747,0.00032,5.746007,6e-06,0.0,28.85,5.3
GJ357b,high,0,0,09:36:01.6372,-21:39:38.878,10.906,9.858,9.88,1.43,1.53,2458517.99862,0.00039,3.93072,8e-05,0.0,43.18,7.99
GJ367b,high,0,0,09:44:29.8367,-45:46:35.427,9.979,9.019,9.152,0.25,0.63,2458544.1348,0.0004,0.321962,1e-05,0.0,313.41,1.27
GJ436b,low,29,3,11:42:11.0933,+26:42:23.658,10.613,10.272,9.571,7.12,1.02,2454873.01582,4e-05,2.64389751,1.2e-07,1.3,10.28,40.97
GJ486b,high,0,0,12:47:56.6249,+09:45:05.031,11.395,10.235,10.094,1.78,1.03,2458931.15935,0.00042,1.467119,3.1e-05,0.0,40.72,7.66
GJ1132b,high,0,0,10:14:51.7783,-47:09:24.189,13.49,13.067,12.138,3.39,0.76,2457184.5576,0.0003,1.6289287,1.8e-06,0.0,51.65,4.47
GJ1214b,low,8,0,17:15:18.9337,+04:57:50.064,15.1,14.394,13.009,18.78,0.87,2455881.57931,2.2e-05,1.58040454,4e-08,1.5,18.54,16.45
GJ1252b,high,0,0,20:27:42.0813,-56:27:25.156,12.68,11.83,11.236,1.0,0.74,2458668.09739,0.00032,0.5182349,6.3e-06,0.0,110.76,1.99
GJ3470b,low,4,1,07:59:05.8395,+15:23:29.240,12.33,11.934,11.354,7.69,1.91,2456340.72559,0.00011,3.336649,2e-06,4.8,11.08,22.73
GJ3473b,high,0,0,08:02:22.8828,+03:20:19.692,13.74,13.44,12.465,1.33,0.95,2458492.20408,0.00043,1.1980035,1.8e-06,0.0,146.07,1.61
GJ9827b,high,0,0,23:27:04.8376,-01:17:10.585,10.1,10.09,9.838,0.74,1.27,2457738.8259,0.0003,1.20898,8e-06,0.0,90.14,3.49
GJ9827c,high,0,0,23:27:04.8376,-01:17:10.585,10.1,10.09,9.838,0.46,1.82,2457742.1993,0.00072,3.648096,6.3e-05,0.0,130.9,2.6
GJ9827d,high,0,0,23:27:04.8376,-01:17:10.585,10.1,10.09,9.838,0.84,1.22,2457740.9611,0.0004,6.20147,6e-05,0.0,80.4,4.17
GPX-1b,low,7,3,02:33:28.5998,+56:01:32.588,12.319,12.033,12.223,9.33,2.12,2458770.23823,0.0004,1.744579,8e-06,1.0,9.18,13.02
HAT-P-1b,low,10,4,22:57:46.8443,+38:40:30.355,9.87,10.02,10.179,15.23,2.88,2455801.7739,0.00018,4.4652992,4e-07,-0.1,5.0,78.7
HAT-P-2b,medium,0,0,16:20:36.3579,+41:02:53.109,8.69,8.417,8.598,6.62,4.31,2454387.4945,0.00074,5.6334729,6.1e-06,0.0,6.86,81.96
HAT-P-3b,low,37,5,13:44:22.5939,+48:01:43.206,11.86,11.025,11.28,14.14,2.08,2455694.72623,8e-05,2.89973826,1.5e-07,-0.05,5.0,36.62
HAT-P-4b,low,10,0,15:19:57.9205,+36:13:46.737,11.12,10.848,11.063,9.84,4.25,2454740.97205,0.0002,3.0565233,6e-07,0.1,5.7,37.51
HAT-P-5b,low,17,4,18:17:37.3127,+36:37:17.168,11.95,11.604,11.822,15.58,2.94,2455705.72567,0.00024,2.7884735,5e-07,0.6,5.0,32.6
HAT-P-6b,low,21,1,23:39:05.8101,+42:27:57.503,10.47,10.129,10.306,10.35,3.51,2455260.92994,0.00021,3.8529962,5e-07,0.5,5.08,51.78
HAT-P-7b,low,9,1,19:28:59.3538,+47:58:10.216,10.48,10.178,10.365,7.41,3.95,2455174.8326,0.0003,2.2047363,7e-07,-1.6,6.97,38.44
HAT-P-8b,low,6,1,22:52:09.8635,+35:26:49.606,10.36,10.15,10.149,10.94,3.93,2455945.0839,0.0003,3.0763433,7e-07,0.9,5.0,63.75
HAT-P-9b,low,8,2,07:20:40.4562,+37:08:26.342,12.34,12.08,12.154,14.08,3.34,2455473.14492,0.00023,3.9228105,8e-07,0.7,5.61,25.12
HAT-P-11b,low,8,0,19:50:50.2474,+48:04:51.097,9.461,8.8,9.151,4.39,2.34,2455109.335119,2.1e-05,4.8878009,3e-07,-0.1,11.8,35.99
HAT-P-12b,low,45,4,13:57:33.4668,+43:29:36.602,12.84,12.152,12.42,27.59,2.34,2456716.5327,6e-05,3.21305751,1.7e-07,0.53,5.7,41.1
HAT-P-13b,low,14,5,08:39:31.8073,+47:21:07.275,10.42,10.4,10.417,8.25,3.32,2455456.49826,0.00016,2.9162431,6e-07,-0.2,6.64,41.03
HAT-P-14b,low,10,0,17:20:27.8782,+38:14:31.909,9.99,9.689,9.873,5.61,2.35,2455421.35484,0.00022,4.6276623,1e-06,-0.4,9.74,30.44
HAT-P-15b,alert,8,7,04:24:59.5347,+39:27:38.312,12.41,11.81,11.723,13.51,5.45,2454638.5609,0.0005,10.8635,3e-05,-33.1,5.06,45.97
HAT-P-16b,low,22,9,00:38:17.5584,+42:27:47.216,10.91,10.553,10.757,14.45,3.07,2455968.64684,0.00013,2.7759677,3e-07,0.2,5.0,54.82
HAT-P-17b,medium,4,0,21:38:08.7311,+30:29:19.445,10.38,10.24,10.274,20.37,4.04,2456569.05972,5e-05,10.3385346,9e-07,-0.0,5.0,120.87
HAT-P-18b,low,5,0,17:05:23.1475,+33:00:44.939,12.759,12.61,12.368,24.28,2.71,2457276.25646,0.0001,5.50803,8e-07,-1.3,6.88,39.76
HAT-P-19b,low,25,6,00:38:04.0136,+34:42:41.552,12.901,12.82,12.557,26.46,2.87,2456899.49658,0.0001,4.0087842,4e-07,0.32,7.57,39.2
HAT-P-20b,low,33,12,07:27:39.9487,+24:20:11.518,11.35,11.0,10.99,19.78,1.86,2456705.48183,7e-05,2.87531693,2.4e-07,1.18,5.0,61.59
HAT-P-21b,alert,10,2,11:25:05.9858,+41:01:40.669,11.46,11.71,11.558,11.12,3.71,2454996.4139,0.0007,4.124481,7e-06,10.4,6.24,31.13
HAT-P-22b,low,18,2,10:22:43.5924,+50:07:42.063,9.76,9.44,9.519,14.48,2.86,2456603.79429,0.00014,3.212233,3e-07,-0.1,5.0,104.86
HAT-P-23b,low,35,4,20:24:29.7235,+16:45:43.810,11.94,12.27,12.174,17.48,2.19,2457575.19549,8e-05,1.21288644,8e-08,0.21,5.97,25.96
HAT-P-24b,low,3,1,07:15:18.0194,+14:15:45.409,11.76,11.71,11.64,12.27,3.72,2455800.7899,0.0003,3.355246,9e-07,-0.9,5.65,30.52
HAT-P-25b,low,11,2,03:13:44.4981,+25:11:50.687,13.15,13.22,12.842,21.08,2.81,2456590.49235,0.00022,3.6528162,8e-07,0.4,9.23,26.2
HAT-P-26b,low,7,2,14:12:37.5329,+04:03:36.117,11.76,11.56,11.464,7.28,2.32,2456892.59046,0.0001,4.2345002,7e-07,1.5,10.06,17.83
HAT-P-27b,low,24,3,14:51:04.1870,+05:56:50.548,12.19,11.98,11.956,14.08,1.68,2456638.93852,0.00012,3.0395778,2.5e-07,0.18,6.37,23.23
HAT-P-28b,low,14,3,00:52:00.1877,+34:43:42.203,13.03,13.24,12.872,16.75,3.31,2458124.34308,0.00022,3.2572129,6e-07,0.1,9.33,21.23
HAT-P-29b,low,5,0,02:12:31.4784,+51:46:43.562,11.83,11.82,11.734,9.91,3.9,2457240.8218,0.0004,5.723371,2.4e-06,-2.2,7.15,25.77
HAT-P-30b,low,16,1,08:15:47.9805,+05:50:12.352,10.35,10.104,10.3,11.97,2.25,2455931.45837,0.00018,2.8106016,5e-07,0.5,5.0,51.01
HAT-P-31b,medium,1,0,18:06:09.0499,+26:25:35.989,11.67,11.49,11.45,7.67,4.77,2458169.941,0.0017,5.005272,6e-06,2.9,8.19,25.71
HAT-P-32b,low,49,10,02:04:10.2775,+46:41:16.210,11.44,11.23,11.133,29.39,3.13,2456209.25393,5e-05,2.15000825,1e-07,0.35,5.0,89.69
HAT-P-33b,low,8,4,07:32:44.2170,+33:50:06.118,11.03,11.1,11.024,14.38,4.31,2456601.47713,0.00012,3.4744767,3e-07,-0.6,5.0,53.59
HAT-P-34b,low,10,0,20:12:46.8867,+18:06:17.399,10.4,10.181,10.194,8.18,3.53,2456462.1472,0.0005,5.452647,3e-06,1.2,6.45,43.04
HAT-P-35b,alert,11,11,08:13:00.1786,+04:47:13.417,11.59,12.38,12.28,11.68,3.98,2455578.66158,0.0005,3.646706,2.1e-05,-76.3,7.27,21.28
HAT-P-36b,low,68,17,12:33:03.9061,+44:54:55.197,12.15,12.27,12.093,20.66,2.22,2457334.53507,0.0001,1.32734682,1.2e-07,0.02,5.97,32.74
HAT-P-37b,low,39,1,18:57:11.0562,+51:16:08.849,13.23,13.58,13.262,24.18,2.36,2457754.21279,0.00015,2.7974424,4e-07,-0.14,11.23,19.71
HAT-P-38b,low,5,2,02:21:31.9802,+32:14:46.090,12.51,12.36,12.302,10.97,3.16,2457515.07748,0.00011,4.6403288,1.1e-06,-2.0,8.01,19.36
HAT-P-39b,low,7,7,07:35:01.9794,+17:49:48.234,12.422,12.04,12.227,12.52,4.2,2455208.7513,0.0004,3.54387,5e-06,6.5,5.98,23.51
HAT-P-40b,medium,4,0,22:22:03.0875,+45:27:26.515,11.34,11.191,11.416,8.59,6.17,2456414.9009,0.0005,4.4572173,1.7e-06,1.4,6.61,33.11
HAT-P-41b,medium,5,0,19:49:17.4399,+04:40:20.783,11.36,10.733,10.939,13.77,4.12,2458071.24389,0.00012,2.6940497,8e-07,1.9,5.0,54.67
HAT-P-42b,medium,1,0,09:01:22.6490,+06:05:50.015,12.17,12.02,12.003,8.94,4.04,2456036.0799,0.0008,4.641838,8e-06,0.8,8.37,20.24
HAT-P-43b,low,6,2,08:35:42.1747,+10:12:23.923,13.36,13.17,13.216,18.99,3.26,2456147.3425,0.0003,3.332683,1.9e-06,-4.0,8.99,18.04
HAT-P-44b,low,12,2,14:12:34.5714,+47:00:53.045,13.21,12.83,12.973,24.45,3.21,2457284.0768,0.0004,4.30119,1e-06,0.3,7.6,28.0
HAT-P-45b,medium,9,0,18:17:29.5774,-03:22:51.739,12.79,12.32,12.398,15.93,3.48,2456502.8481,0.0003,3.1289923,1.4e-06,4.3,6.09,30.28
HAT-P-46b,low,3,0,18:01:46.6086,-02:58:15.459,11.94,11.62,11.684,10.5,3.1,2455969.1255,0.0004,4.463137,5e-06,-1.1,6.67,27.0
HAT-P-49b,low,4,0,20:21:45.9297,+26:41:33.603,10.326,10.046,10.207,7.97,4.14,2457077.8963,0.0005,2.6915535,1.2e-06,-0.1,6.34,44.09
HAT-P-50b,medium,3,0,07:52:15.2179,+12:08:21.838,11.762,11.478,11.672,7.21,3.73,2456526.3049,0.0003,3.1220018,1.3e-06,-0.1,9.04,18.24
HAT-P-51b,low,13,5,01:24:15.6413,+32:48:38.777,13.44,13.039,13.285,21.72,3.36,2457868.67797,0.00024,4.2180226,9e-07,-0.8,8.41,21.02
HAT-P-52b,low,9,4,02:50:53.2003,+29:01:20.522,14.068,13.52,13.787,17.25,2.41,2456581.8074,0.0004,2.7535973,1.3e-06,-0.4,10.86,11.07
HAT-P-53b,low,16,3,01:27:29.0645,+38:58:05.259,13.733,13.297,13.514,16.11,2.83,2457502.7149,0.0003,1.9616248,4e-07,-1.1,9.61,11.66
HAT-P-54b,low,48,13,06:39:35.5182,+25:28:57.157,13.505,12.752,13.017,27.05,1.8,2458419.62257,0.00019,3.7998534,8e-07,0.31,7.33,27.59
HAT-P-55b,low,20,1,17:37:05.6338,+25:43:52.254,13.207,12.873,13.096,18.53,2.94,2457720.3595,0.0003,3.5852329,1.2e-06,-0.3,7.76,18.1
HAT-P-56b,low,17,5,06:43:23.5327,+27:15:08.212,10.8,10.648,10.824,10.66,2.3,2457700.6456,0.0004,2.7908235,9e-07,0.5,5.75,34.07
HAT-P-57b,low,4,0,18:18:58.4251,+10:35:50.127,10.64,10.248,10.425,11.93,3.52,2457159.6765,0.0006,2.4652946,7e-07,0.2,5.0,55.24
HAT-P-58b,medium,0,0,04:35:23.1828,+56:52:05.584,12.925,12.888,12.72,9.82,4.17,2457369.03094,0.00056,4.0138379,2.4e-06,0.0,10.52,15.44
HAT-P-59b,low,4,4,19:29:50.0700,+62:31:45.177,11.901,11.64,11.679,10.98,2.35,2458618.54088,0.00021,4.1419771,1.2e-06,-0.4,6.8,23.94
HAT-P-60b,medium,0,0,01:53:07.7732,+52:03:14.020,9.71,9.616,9.564,6.69,5.07,2458360.94029,0.00056,4.7947813,2.4e-06,0.0,7.05,60.71
HAT-P-61b,low,4,4,05:01:55.2577,+50:07:52.574,13.188,12.974,12.939,10.41,1.67,2457851.21119,0.00047,1.90231289,7.7e-07,0.9,12.58,9.35
HAT-P-62b,low,4,4,04:58:01.0287,+48:18:03.756,12.539,12.185,12.436,11.74,3.12,2457118.38979,0.00044,2.6453235,3.9e-06,-1.3,7.05,18.86
HAT-P-64b,low,2,2,04:35:53.8468,+02:25:52.643,12.855,12.39,12.622,13.19,4.96,2457751.46354,0.00063,4.007232,1.7e-06,0.9,6.26,22.91
HAT-P-65b,medium,5,0,21:03:37.3130,+11:59:21.818,13.16,13.02,12.995,13.77,4.43,2457149.2808,0.0004,2.6054485,9e-07,-0.1,8.33,17.86
HAT-P-66b,low,5,3,10:02:17.4467,+53:57:03.201,12.99,12.94,12.892,9.83,4.74,2457258.7999,0.0007,2.972086,6e-06,2.5,10.55,13.37
HAT-P-67b,medium,0,0,17:06:26.5609,+44:46:37.067,10.11,9.786,9.975,9.14,7.0,2455961.3854,0.0008,4.8101025,4e-07,0.0,5.03,75.99
HAT-P-68b,low,7,7,07:53:55.9827,+23:56:17.611,13.802,13.678,13.544,38.0,2.1,2456614.20355,0.00014,2.29840551,5.2e-07,1.3,11.88,27.84
HAT-P-69b,alert,2,2,08:42:01.3561,+03:42:38.022,9.77,9.667,9.773,9.48,5.15,2458495.78861,0.00072,4.7869491,1.8e-06,10.0,5.0,68.46
HAT-P-70b,low,2,2,04:58:12.5627,+09:59:52.803,9.47,9.363,9.452,11.4,3.67,2458439.57519,0.00045,2.74432452,7.9e-07,-4.6,5.0,81.1
HATS-1b,low,4,1,11:42:06.0805,-23:21:17.428,12.059,12.08,11.936,19.17,2.5,2457901.9514,0.0004,3.4464553,8e-07,1.0,5.56,35.28
HATS-2b,low,14,3,11:46:57.3702,-22:33:46.816,13.62,13.4,13.342,23.94,2.09,2455954.58657,9e-05,1.354133,1e-06,2.58,10.16,18.4
HATS-3b,medium,2,0,20:49:49.7852,-24:25:43.539,12.43,11.692,11.891,12.65,3.62,2456155.96808,0.00014,3.547851,5e-06,1.4,5.48,27.63
HATS-4b,medium,6,2,06:16:26.9016,-22:32:48.815,13.459,13.039,13.286,17.11,2.5,2457086.8394,0.0003,2.5167278,5e-07,-0.7,8.41,14.24
HATS-5b,low,4,1,04:28:53.4831,-21:28:55.062,12.63,12.181,12.429,15.66,3.0,2456392.8762,0.0003,4.76339,3e-06,-0.6,5.77,24.41
HATS-6b,low,5,3,05:52:35.2366,-19:01:53.970,15.16,14.139,14.36,41.78,2.05,2456660.36771,0.00013,3.325272,3e-06,-7.2,15.66,20.15
HATS-7b,low,4,4,13:55:25.6669,-21:12:27.722,13.34,13.17,13.05,6.65,2.3,2456528.2978,0.0006,3.185315,5e-06,-2.3,19.86,6.62
HATS-9b,medium,1,0,19:23:14.4314,-20:09:58.849,13.276,12.854,13.098,6.89,3.53,2457380.70329,4e-05,1.915311,9e-07,0.8,15.19,7.66
HATS-10b,alert,2,0,19:37:13.6352,-22:12:16.115,13.113,12.753,12.984,10.55,3.03,2456457.88268,0.00022,3.312846,6e-06,-22.6,9.79,11.43
HATS-11b,medium,2,0,19:17:36.1800,-22:23:23.721,14.018,13.603,13.833,15.35,4.4,2457378.41989,7e-05,3.619163,3e-06,-9.4,11.38,11.51
HATS-13b,medium,3,0,21:07:50.7511,-26:05:48.033,13.887,13.435,13.68,26.19,2.64,2456824.3225,0.00023,3.0440546,7e-07,-0.2,10.36,17.25
HATS-17b,alert,2,1,12:48:45.5453,-47:36:49.287,12.39,11.987,12.218,6.79,4.78,2457139.168,0.0014,16.25461,7e-05,11.5,10.61,14.78
HATS-22b,low,5,1,11:36:02.3390,-29:32:35.957,13.46,13.2,13.122,26.01,2.19,2457768.11264,0.00023,4.7228189,1.2e-06,-0.0,9.13,24.42
HATS-23b,high,5,3,19:05:28.0082,-50:04:02.445,13.9,13.72,13.752,15.09,1.83,2457072.85344,0.0007,2.1605156,4.5e-06,-3.3,12.35,8.26
HATS-24b,low,7,0,17:55:33.7673,-61:44:50.367,12.83,12.82,12.691,22.23,2.45,2458237.2874,0.0005,1.3484963,7e-07,1.2,7.57,25.0
HATS-25b,low,4,1,13:51:37.8639,-23:46:52.255,13.1,13.07,12.935,16.85,3.22,2456870.3695,0.0005,4.298643,5e-06,4.0,8.54,19.46
HATS-26b,low,4,3,09:39:42.4488,-28:35:08.098,12.96,12.9,12.843,10.01,5.28,2456867.424,0.0012,3.302388,8e-06,6.5,10.02,15.19
HATS-27b,medium,0,0,12:54:12.6109,-46:35:15.785,12.77,12.75,12.679,10.11,4.89,2457029.3382,0.0011,4.637038,1.4e-05,0.0,9.4,15.66
HATS-29b,medium,4,0,19:00:23.1569,-54:53:35.450,12.61,12.221,12.459,18.02,3.22,2457851.8034,0.0005,4.6058791,2.4e-06,-0.1,5.86,28.23
HATS-30b,medium,7,1,00:22:28.4920,-59:56:33.245,12.205,12.19,12.081,16.11,2.76,2457912.2004,0.0003,3.1743516,7e-07,-0.0,5.79,28.04
HATS-31b,alert,4,1,12:46:48.6784,-24:25:38.568,13.11,13.2,12.961,10.34,4.64,2456960.1484,0.0011,3.37796,1.2e-05,-26.8,11.36,13.84
HATS-33b,medium,8,0,19:38:32.0768,-55:19:48.378,11.91,11.81,11.708,20.13,2.7,2458090.7093,0.0005,2.5495627,1.1e-06,0.7,5.06,43.74
HATS-34b,high,3,1,00:03:05.8703,-62:28:09.616,13.85,13.77,13.679,14.64,1.56,2456634.8581,0.00075,2.1061607,4.7e-06,0.8,13.66,7.93
HATS-35b,medium,8,0,19:46:45.1810,-63:33:56.137,12.56,12.55,12.46,14.34,3.15,2457899.5875,0.0003,1.8210014,6e-07,-0.8,6.7,21.23
HATS-37Ab,medium,2,2,13:19:12.4636,-22:59:12.730,12.341,11.735,11.998,6.75,2.92,2458006.80225,0.0005,4.3315366,4.1e-06,9.9,10.8,14.08
HATS-38b,medium,0,0,10:17:05.0796,-25:16:34.556,11.97,12.047,12.278,4.07,3.22,2457725.16121,0.00072,4.375021,1e-05,0.0,19.26,7.05
HATS-39b,low,2,1,07:29:40.6108,-29:56:16.420,12.75,12.68,12.654,11.1,3.73,2457315.2842,0.0006,4.577635,7e-06,2.0,8.69,15.49
HATS-40b,medium,0,0,06:42:17.1043,-29:46:36.494,13.38,13.41,13.284,6.62,5.39,2456962.6768,0.001,3.264274,6e-06,0.0,19.25,7.33
HATS-41b,low,4,4,06:54:04.1655,-27:03:01.422,12.68,12.59,12.589,6.55,2.27,2456795.7248,0.0014,4.193649,1.3e-05,12.6,15.68,7.65
HATS-42b,low,5,5,07:13:48.5748,-33:26:14.401,13.62,13.61,13.563,11.96,3.29,2456768.60812,0.00069,2.292102,2.1e-06,0.4,12.85,9.04
HATS-43b,low,3,1,05:22:09.1675,-30:58:15.011,13.59,13.4,13.401,30.45,3.15,2458039.86444,0.00022,4.3888499,1.4e-06,0.4,10.16,26.77
HATS-45b,medium,4,3,06:47:58.6224,-21:54:38.617,13.31,13.27,13.239,11.38,3.06,2456731.1961,0.0007,4.187624,6e-06,-3.1,11.49,9.99
HATS-46b,medium,2,0,00:26:48.5936,-56:18:58.081,13.63,13.68,13.527,14.03,2.42,2457376.6862,0.0006,4.742373,5e-06,-2.5,12.13,9.84
HATS-48Ab,low,1,1,19:14:41.2747,-59:34:45.757,14.35,14.05,13.895,18.64,2.35,2457100.55022,0.00045,3.1316666,3.7e-06,1.2,14.83,11.43
HATS-51b,low,3,2,06:51:23.4013,-29:03:31.045,12.471,12.098,12.329,13.08,3.32,2457042.0049,0.0006,3.34887,4e-06,-1.2,6.08,22.1
HATS-52b,low,12,3,09:20:21.0456,-31:16:09.491,13.669,13.4,13.627,22.82,2.12,2456929.0312,0.0003,1.3666544,9e-07,5.0,10.16,13.57
HATS-53b,low,2,1,11:46:30.8411,-33:51:36.203,13.944,13.418,13.656,20.85,3.51,2457236.75732,0.00049,3.8537768,3.8e-06,-0.4,10.26,15.88
HATS-56b,low,3,3,12:00:39.6300,-45:47:57.995,11.48,11.287,11.488,7.08,4.69,2457788.0037,0.0012,4.324799,2.7e-05,-26.2,8.49,22.7
HATS-57b,low,2,2,04:03:47.6005,-19:03:24.326,11.59,11.948,12.182,19.58,2.5,2457778.49669,0.00025,2.350621,1.3e-06,-2.8,5.3,31.39
HATS-58Ab,medium,2,2,12:27:08.9728,-48:58:42.227,11.572,11.57,11.768,7.13,3.19,2457463.2999,0.0017,4.2180896,8.9e-06,-7.6,9.62,19.04
HATS-60b,high,2,0,22:45:27.3643,-14:59:30.345,12.641,12.265,12.5,8.32,3.88,2458015.7244,0.0008,3.56083,3e-05,-8.5,9.82,13.88
HATS-62b,medium,0,0,20:49:47.8333,-24:18:12.496,14.171,13.586,13.832,17.62,2.78,2455808.05158,0.00043,3.2768837,3.3e-06,0.0,11.27,10.85
HATS-64b,low,2,1,09:37:09.0299,-29:48:01.574,12.924,12.646,12.839,8.55,5.82,2457769.8237,0.0008,4.908897,1.3e-05,-2.2,10.39,13.13
HATS-65b,low,7,0,19:31:45.5518,-26:44:24.724,12.497,12.168,12.379,16.07,2.9,2457520.9621,0.0004,3.105161,1.6e-06,-1.5,5.74,24.19
HATS-67b,low,13,7,12:00:50.1182,-46:08:11.124,13.653,13.354,13.56,13.98,1.98,2457796.8821,0.0004,1.609179,4e-06,6.8,10.76,8.41
HATS-68b,low,2,0,01:00:01.4134,-58:54:17.124,12.281,11.92,12.163,5.8,3.46,2457410.4094,0.0011,3.58622,5e-06,3.3,12.83,10.84
HATS-70b,medium,1,1,07:16:25.0880,-31:14:39.858,12.23,12.488,12.586,6.87,3.67,2456911.87486,0.0008,1.8882378,1.5e-06,2.4,13.02,8.56
HATS-72b,medium,0,0,22:36:06.3189,-16:59:59.788,12.469,12.147,12.073,14.8,3.09,2458087.64782,7.5e-05,7.3279474,1.6e-06,0.0,5.69,31.49
HD1397b,high,0,0,00:17:47.1522,-66:21:32.064,7.78,7.355,7.593,2.7,8.56,2458332.0826,0.0006,11.5353,0.0008,0.0,15.04,75.43
HD2685b,high,0,0,00:29:18.9527,-76:18:14.623,9.59,9.348,9.52,11.66,4.49,2458325.78297,0.0002,4.12688,5e-05,0.0,5.0,95.08
HD3167b,high,0,0,00:34:57.5243,+04:22:53.283,8.94,8.4,8.762,0.38,1.64,2457394.3745,0.0004,0.959641,1.2e-05,0.0,146.61,2.97
HD3167c,high,0,0,00:34:57.5243,+04:22:53.283,8.94,8.4,8.762,1.23,5.13,2457394.9788,0.0012,29.8454,0.0012,0.0,35.86,16.93
HD5278b,medium,0,0,00:50:09.9047,-83:44:38.033,7.95,7.606,7.804,0.45,4.81,2458680.69932,0.00083,14.339156,4.9e-05,0.0,96.99,8.42
HD17156b,medium,2,0,02:49:44.4866,+71:45:11.632,8.16,7.824,8.033,6.89,3.13,2454884.02895,7e-05,21.216398,1.6e-05,6.2,6.86,95.74
HD63433b,high,0,0,07:49:55.0604,+27:21:47.458,6.91,6.491,6.718,0.62,3.22,2458916.4526,0.0032,7.10793,0.0004,0.0,74.32,14.47
HD63433c,high,0,0,07:49:55.0604,+27:21:47.458,6.91,6.491,6.718,0.9,4.07,2458844.05799,0.00084,20.5453,0.0012,0.0,49.11,23.75
HD63935b,medium,0,0,07:51:41.9965,+09:23:09.793,8.58,8.1,8.394,1.02,3.36,2458494.4462,0.001,9.058811,1.7e-05,0.0,45.92,13.0
HD63935c,high,0,0,07:51:41.9965,+09:23:09.793,8.58,8.1,8.394,0.84,4.84,2459231.828,0.0014,21.4023,0.0019,0.0,52.48,13.26
HD80606b,alert,3,0,09:22:37.5769,+50:36:13.434,9.0,8.586,8.82,10.33,11.89,2455210.6428,0.001,111.4367,0.0004,31.1,5.0,213.85
HD86226c,high,0,0,09:56:29.8441,-24:05:57.795,7.93,7.71,7.771,0.41,2.45,2458543.2539,0.0007,3.98442,0.00018,0.0,120.8,5.74
HD89345b,high,0,0,10:18:41.0578,+10:07:44.504,9.38,8.984,9.217,1.76,5.62,2457913.804,0.0006,11.814,0.0009,0.0,25.34,20.28
HD97658b,alert,1,0,11:14:33.1613,+25:42:37.391,7.714,7.259,7.514,1.32,2.84,2456665.4641,0.0008,9.48926,6e-05,18.2,36.09,22.19
HD106315c,high,0,0,12:13:53.3965,-00:23:36.554,8.951,8.706,8.888,1.17,4.67,2457611.132,0.004,21.0568,0.0005,0.0,38.64,13.32
HD108236b,high,0,0,12:26:17.8916,-51:21:46.214,9.24,8.865,9.087,0.34,2.41,2458572.1128,0.0031,3.79523,0.00047,0.0,151.46,2.69
HD108236c,high,0,0,12:26:17.8916,-51:21:46.214,9.24,8.865,9.087,0.58,2.91,2458572.3949,0.0025,6.2037,0.00064,0.0,85.27,5.04
HD108236d,high,0,0,12:26:17.8916,-51:21:46.214,9.24,8.865,9.087,1.01,3.85,2458571.3368,0.0015,14.17555,0.00099,0.0,46.48,10.05
HD108236e,high,0,0,12:26:17.8916,-51:21:46.214,9.24,8.865,9.087,1.34,4.02,2458586.5677,0.0014,19.5917,0.0022,0.0,34.78,13.63
HD110082b,high,0,0,12:50:22.0202,-88:07:15.718,9.23,8.92,9.115,0.76,2.95,2458629.909,0.001,10.18271,4e-05,0.0,65.06,6.35
HD110113b,high,0,0,12:40:08.7806,-44:18:43.267,10.05,9.684,9.91,0.42,2.43,2458570.101,0.004,2.541,0.0005,0.0,128.69,2.26
HD136352c,high,0,0,15:21:48.1511,-48:19:03.462,5.65,5.24,5.462,0.61,3.25,2458954.4099,0.00052,27.59221,0.00011,0.0,74.93,22.36
HD149026b,low,2,1,16:30:29.6184,+38:20:50.310,8.14,7.808,8.014,3.53,3.25,2454456.78835,0.00014,2.875891,3e-06,-3.5,13.28,50.54
HD152843b,high,0,0,16:55:08.3561,+20:29:28.794,8.85,8.568,8.764,0.63,5.53,2458994.2831,0.0024,11.6264,0.0022,0.0,69.67,8.33
HD152843c,high,0,0,16:55:08.3561,+20:29:28.794,8.85,8.568,8.764,1.77,6.36,2459002.7708,0.0011,24.38,6.23,0.0,24.38,25.4
HD183579b,medium,0,0,19:33:08.5944,-54:31:56.541,8.68,8.296,8.515,1.4,4.35,2458661.06279,0.00071,17.471275,9.7e-06,0.0,32.18,18.93
HD189733b,low,23,0,20:00:43.7130,+22:42:39.071,7.648,7.126,7.414,28.36,1.81,2454403.67771,3e-05,2.21857519,1.4e-07,-0.07,5.0,408.28
HD191939b,high,0,0,20:08:05.7549,+66:51:02.075,8.97,8.5,8.775,1.35,3.08,2458715.35554,0.00064,8.880403,7e-05,0.0,35.71,14.19
HD191939c,high,0,0,20:08:05.7549,+66:51:02.075,8.97,8.5,8.775,1.19,4.45,2458726.0531,0.0011,28.58059,0.00045,0.0,37.97,15.07
HD191939d,high,0,0,20:08:05.7549,+66:51:02.075,8.97,8.5,8.775,1.22,5.54,2458743.5505,0.0015,38.3561,0.0012,0.0,35.89,17.05
HD202772Ab,high,0,0,21:18:47.8761,-26:36:58.051,10.21,8.94,8.227,4.77,5.69,2458338.61047,0.00024,3.30896,8e-05,0.0,9.33,83.03
HD209458b,medium,7,0,22:03:10.7729,+18:53:03.548,7.63,7.305,7.509,18.11,3.09,2455015.49844,0.00012,3.5247499,3e-07,0.4,5.0,304.36
HD219134b,high,0,0,23:13:16.9747,+57:10:06.076,5.57,4.76,5.208,0.29,0.95,2457126.6991,0.0009,3.092926,1e-05,0.0,218.23,6.68
HD219666b,high,0,0,23:18:13.6298,-56:54:14.035,9.81,9.417,9.65,1.74,2.14,2458329.1996,0.0012,6.0361,0.0006,0.0,31.4,10.58
HD221416b,high,0,0,23:32:08.0724,-21:48:05.116,8.15,7.655,7.908,0.87,9.0,2458357.0149,0.0025,14.2767,0.0037,0.0,46.66,23.7
HD332231b,high,0,0,20:26:57.9179,+33:44:40.024,8.56,8.216,8.418,6.4,6.12,2458729.67987,0.00038,18.71204,0.00043,0.0,6.71,104.25
HIP65Ab,low,3,3,00:00:44.9093,-54:49:49.853,11.13,10.32,10.59,7.26,0.77,2458326.10418,0.00011,0.9809734,3.1e-06,-2.9,11.18,19.85
HIP41378b,medium,0,0,08:26:27.8492,+10:04:49.334,8.92,8.62,8.81,0.43,5.21,2457152.2818,0.0012,15.572098,1.8e-05,0.0,103.1,5.37
HIP41378e,high,0,0,08:26:27.8492,+10:04:49.334,8.92,8.62,8.81,1.71,13.0,2457142.0194,0.001,514.0,452.0,0.0,23.69,33.96
HIP41378f,medium,0,0,08:26:27.8492,+10:04:49.334,8.92,8.62,8.81,5.72,18.97,2457186.9142,0.0004,1084.1616,0.0004,0.0,6.94,136.27
HIP67522b,medium,0,0,13:50:06.2796,-40:50:08.878,9.8,9.408,9.633,5.93,4.89,2458604.02371,0.00036,6.959503,1.6e-05,0.0,7.87,51.52
HR858b,high,0,0,02:51:56.2464,-30:48:52.259,6.382,6.057,6.248,0.25,2.82,2458409.18969,0.00084,3.58599,0.00015,0.0,188.67,6.33
HR858c,high,0,0,02:51:56.2464,-30:48:52.259,6.382,6.057,6.248,0.2,2.92,2458415.6344,0.0022,5.97293,0.0006,0.0,234.15,5.31
HR858d,high,0,0,02:51:56.2464,-30:48:52.259,6.382,6.057,6.248,0.25,3.46,2458409.7328,0.002,11.23,0.0011,0.0,181.29,7.05
K2-3c,medium,0,0,11:29:20.3917,-01:27:17.279,12.17,11.88,11.478,0.89,3.53,2456812.28202,0.00098,24.646582,4.1e-05,0.0,82.13,3.15
K2-19b,alert,1,1,11:39:50.4804,+00:36:12.877,13.0,12.88,12.815,7.63,3.27,2456813.3841,0.0003,7.91949,5e-05,-58.4,14.07,9.75
K2-19c,high,0,0,11:39:50.4804,+00:36:12.877,13.0,12.88,12.815,2.55,3.77,2456817.27514,0.00082,11.90762,0.00024,0.0,40.94,3.53
K2-24b,high,0,0,16:10:17.6977,-24:59:25.258,11.28,10.657,10.907,2.37,5.48,2456905.7948,0.0007,20.8851,0.0003,0.0,22.05,12.06
K2-24c,high,0,0,16:10:17.6977,-24:59:25.258,11.28,10.657,10.907,4.65,6.33,2456915.6251,0.0004,42.3633,0.0006,0.0,11.04,25.3
K2-25b,low,5,2,04:13:05.6134,+15:14:52.013,15.56,13.72,14.382,13.99,0.79,2457620.11054,8e-05,3.4845627,9e-07,0.1,17.3,4.97
K2-28b,medium,0,0,22:22:29.8611,-07:57:19.853,15.81,15.449,14.68,7.76,1.02,2457931.89779,0.00032,2.2604455,9e-07,0.0,84.84,2.62
K2-29b,low,13,7,04:10:40.8826,+24:24:06.301,12.56,11.934,12.201,24.57,2.22,2458508.0943,0.0003,3.2588315,9e-07,1.1,5.28,41.05
K2-30b,low,21,5,03:29:22.0746,+22:17:57.874,13.53,12.939,13.206,18.69,2.33,2457395.78391,0.00013,4.0984791,7e-07,-0.2,8.01,17.58
K2-31b,low,3,3,16:21:45.7780,-23:32:52.289,10.8,10.292,10.537,8.26,0.98,2457191.70967,0.00024,1.25785,2e-06,-0.1,9.01,23.2
K2-32b,high,0,0,16:49:42.2601,-19:32:34.150,12.31,12.11,12.004,4.17,3.63,2456900.9279,0.0003,8.99183,8e-05,0.0,18.77,9.85
K2-32c,high,0,0,16:49:42.2601,-19:32:34.150,12.31,12.11,12.004,1.46,4.38,2456899.4234,0.0017,20.66093,0.0008,0.0,51.88,3.8
K2-32d,high,0,0,16:49:42.2601,-19:32:34.150,12.31,12.11,12.004,1.73,4.85,2456903.7871,0.0012,31.71701,0.00101,0.0,43.12,4.77
K2-34b,low,3,3,08:30:18.9093,+22:14:09.293,11.45,11.231,11.436,8.08,2.48,2457144.34781,8e-05,2.995629,6e-06,5.8,8.27,19.75
K2-36c,high,0,0,11:17:47.7836,+03:51:59.007,11.73,11.48,11.527,1.6,1.49,2456812.84001,0.00071,5.340888,8.6e-05,0.0,50.19,3.35
K2-52b,high,0,0,16:26:26.7310,-24:58:11.818,15.898,15.013,15.255,7.27,5.38,2456896.027,0.0011,3.535055,1.7e-05,0.0,45.8,3.08
K2-55b,high,0,0,22:15:00.4644,-17:15:02.538,13.55,13.24,13.062,4.28,2.03,2456983.4238,0.001,2.84927,3e-05,0.0,32.87,4.3
K2-107b,high,1,0,18:59:56.4921,-22:17:36.244,12.92,12.531,12.767,7.2,3.29,2457304.52525,0.00013,3.313921,1e-05,-6.0,12.89,9.76
K2-113b,high,3,2,01:17:47.8306,+06:52:08.045,13.68,13.63,13.504,9.03,3.09,2457392.88684,0.00019,5.81761,3e-05,-4.0,17.38,7.39
K2-115b,low,4,3,08:26:12.8235,+12:16:54.999,13.362,12.972,13.2,19.14,4.03,2457157.1578,0.0003,20.27303,4e-05,-4.2,8.14,20.83
K2-116b,high,0,0,22:24:36.3824,-11:34:43.285,10.758,10.48,10.328,0.12,2.22,2456979.9496,0.0043,4.655335,0.000513,0.0,500.39,0.56
K2-121b,low,13,10,08:27:44.8140,+17:34:45.804,13.32,12.98,12.925,14.93,2.12,2457143.56126,0.0001,5.185759,1.4e-05,-3.5,8.29,16.08
K2-129b,high,0,0,19:16:35.5928,-25:38:41.927,13.63,13.387,12.462,0.9,1.56,2457335.0098,0.001,8.2395,0.0003,0.0,180.06,1.39
K2-132b,high,0,0,12:08:39.9335,-08:44:49.846,11.897,11.377,11.64,0.86,7.94,2457608.53,0.009,9.171,0.003,0.0,66.61,3.75
K2-136c,high,0,0,04:29:38.9938,+22:52:57.794,11.2,10.9,10.855,1.96,3.6,2457830.024,0.003,17.3077,0.0013,0.0,29.6,9.16
K2-138f,high,0,0,23:15:47.7685,-10:50:58.897,12.21,12.12,12.025,1.12,3.25,2457738.7018,0.0044,12.7576,0.0012,0.0,71.44,2.34
K2-138g,high,0,0,23:15:47.7685,-10:50:58.897,12.21,12.12,12.025,1.34,4.03,2457773.8541,0.0044,41.9665,0.006,0.0,57.48,3.19
K2-139b,high,0,0,19:16:15.9691,-17:54:38.410,11.65,11.211,11.463,12.33,4.89,2457325.8171,0.0003,28.3824,0.0003,0.0,5.0,43.57
K2-140b,high,6,3,12:32:32.9632,-09:36:27.495,12.62,12.75,12.481,17.58,3.77,2457588.28509,5e-05,6.56919,3e-05,7.1,7.32,28.82
K2-141c,high,0,0,23:23:39.9710,-01:11:21.450,11.45,10.452,10.722,0.6,0.75,2457751.1546,0.001,7.7485,0.00022,0.0,138.5,1.58
K2-155c,high,0,0,04:21:52.4847,+21:21:12.937,12.806,12.46,12.253,1.39,3.03,2457814.565,0.003,13.854,0.0009,0.0,65.83,2.92
K2-198b,high,0,0,13:15:22.5217,-06:27:53.620,10.97,10.745,10.996,3.02,2.95,2457221.6126,0.0007,17.0432,0.0003,0.0,19.45,10.73
K2-198d,medium,0,0,13:15:22.5217,-06:27:53.620,10.97,10.745,10.996,0.66,2.98,2457213.5759,0.001,7.4500177,5.2e-06,0.0,88.73,2.33
K2-199c,high,0,0,13:55:36.4097,-06:08:10.135,12.289,11.636,11.905,2.0,2.42,2457222.9308,0.0007,7.3745,0.00013,0.0,36.89,4.2
K2-232b,medium,0,0,04:55:03.9625,+18:39:16.310,9.85,9.511,9.726,10.15,5.09,2457858.85681,5e-05,11.168459,1.7e-05,0.0,5.0,84.69
K2-233d,alert,1,0,15:21:55.1981,-20:13:53.987,10.88,10.156,10.419,1.34,3.8,2458005.581,0.003,24.3662,0.0021,-58.0,38.61,7.62
K2-237b,low,8,0,16:55:04.5335,-28:42:38.014,11.6,11.53,11.467,17.03,3.06,2457861.4341,0.00013,2.180533,7e-07,1.5,5.0,44.4
K2-238b,alert,1,0,23:10:49.0455,-07:51:27.077,13.75,13.89,13.664,7.66,3.51,2457740.5044,0.0004,3.20466,3e-05,13.1,23.1,6.04
K2-239b,high,0,0,10:42:22.6341,+04:26:28.888,14.55,14.14,13.437,0.86,1.51,2457908.191,0.01,5.24,0.001,0.0,288.75,0.72
K2-260b,medium,4,0,05:07:28.1588,+16:52:03.795,12.69,12.53,12.467,12.44,4.26,2457836.49912,0.0001,2.6266974,1.7e-06,-1.0,7.14,21.55
K2-261b,high,0,0,10:52:07.7793,+00:29:36.085,10.64,10.52,10.459,3.7,5.1,2457906.8416,0.0007,11.63344,0.00012,0.0,13.99,22.32
K2-266b,high,0,0,10:31:44.5057,+00:56:15.268,11.808,11.083,11.353,0.27,0.31,2457949.675,0.003,0.658524,1.7e-05,0.0,486.18,0.35
K2-266d,high,0,0,10:31:44.5057,+00:56:15.268,11.808,11.083,11.353,2.01,3.37,2457944.8393,0.0012,14.697,0.0003,0.0,30.22,6.86
K2-280b,high,0,0,19:26:22.8813,-22:14:51.551,12.54,12.41,12.36,3.77,8.2,2457327.4767,0.001,19.8952,0.0008,0.0,20.64,10.07
K2-284b,high,0,0,05:16:33.7637,+20:15:18.364,13.322,12.601,12.86,2.36,2.17,2457859.11316,0.00043,4.795069,8.6e-05,0.0,44.09,2.88
K2-287b,medium,0,0,15:32:17.8467,-22:21:29.763,11.308,11.04,11.067,7.84,3.58,2458001.72218,0.00016,14.89329,3e-05,0.0,7.62,30.43
K2-289b,high,0,0,16:26:34.3299,-15:47:32.564,14.465,13.551,13.794,7.89,4.03,2456897.144,0.001,13.15697,5e-05,0.0,18.17,7.85
K2-295b,alert,2,2,01:18:26.3767,+06:49:00.761,13.95,13.64,13.518,23.94,2.5,2457395.4140498,1.2e-06,4.024867,1.5e-05,15.7,11.62,19.06
K2-329b,medium,0,0,23:24:32.4761,-05:09:50.730,12.697,12.528,12.446,12.31,3.62,2457773.157267,7.3e-05,12.4551225,3.1e-06,0.0,7.42,21.15
K2-333b,high,0,0,09:07:09.4325,+15:12:20.603,11.56,11.766,11.987,2.76,4.95,2458097.39598,0.00077,14.75929,0.00024,0.0,24.29,6.87
K2-334b,high,0,0,09:05:57.4722,+16:19:31.996,11.84,11.156,11.348,1.48,2.45,2458096.81023,0.00055,5.113981,6.1e-05,0.0,44.46,3.56
K2-353b,high,0,0,13:26:28.0856,-02:16:54.784,12.28,12.2,12.099,2.72,3.37,2458189.85182,0.00098,15.46681,0.00057,0.0,30.03,5.53
KELT-1b,low,20,5,00:01:26.9169,+39:23:01.782,10.63,10.391,10.59,7.71,2.71,2456981.90516,0.00014,1.21749399,1.6e-07,1.1,7.39,29.66
KELT-2Ab,low,3,3,06:10:39.3452,+30:57:25.717,8.71,8.388,8.584,6.86,5.08,2455974.6034,0.0008,4.113791,1e-05,-19.1,6.45,94.14
KELT-3b,low,11,5,09:54:34.3870,+40:23:16.978,9.82,9.579,9.763,10.46,3.15,2456666.888,0.0004,2.7033878,1e-06,0.9,5.0,65.65
KELT-4Ab,low,13,2,10:28:15.0111,+25:34:23.474,9.98,9.9,9.957,13.52,3.46,2456190.3021,0.00022,2.989593,5e-06,-9.9,5.0,83.55
KELT-6b,medium,3,1,13:03:55.6468,+30:38:24.279,10.337,10.002,10.193,7.87,5.53,2457124.5095,0.0006,7.845582,7e-06,6.5,6.13,52.55
KELT-7b,low,8,3,05:13:10.9287,+33:19:05.403,8.54,8.279,8.452,9.83,3.49,2458343.40408,0.0001,2.7347657,4e-07,1.6,5.0,116.7
KELT-8b,low,2,0,18:53:13.3242,+24:07:38.577,10.84,10.438,10.67,14.79,3.48,2457396.045,0.0006,3.24408,5e-06,-0.6,5.0,66.62
KELT-9b,medium,0,0,20:31:26.3534,+39:56:19.765,7.56,7.562,7.577,8.28,3.85,2457095.68572,0.00014,1.4811235,1.1e-06,0.0,5.48,129.28
KELT-10b,alert,6,0,18:58:11.6095,-47:00:11.664,10.62,10.482,10.701,18.62,3.74,2457066.7204,0.0003,4.166274,6e-06,-17.2,5.0,81.43
KELT-11b,high,0,0,10:46:49.7401,-09:23:56.494,8.04,7.587,7.831,3.35,7.11,2457483.431,0.0007,4.7361,3e-05,0.0,12.41,79.21
KELT-12b,high,0,0,17:50:33.7179,+36:34:12.803,10.59,10.287,10.484,7.15,5.75,2457083.6605,0.0009,5.03162,3e-05,0.0,6.92,42.75
KELT-14b,alert,6,2,07:13:12.3539,-42:24:35.115,11.0,10.611,10.838,13.25,2.25,2457091.0286,0.0005,1.710059,3e-06,-11.7,5.0,44.66
KELT-15b,medium,3,0,07:49:39.6019,-52:07:13.574,11.39,10.862,11.069,13.19,4.13,2458564.05392,0.0002,3.329475,4e-06,0.1,5.0,48.86
KELT-16b,low,43,5,20:57:04.4386,+31:39:39.629,11.72,11.601,11.796,14.77,2.49,2458136.78366,0.00011,0.96899328,1.9e-07,-0.03,5.0,27.9
KELT-17b,low,4,4,08:22:28.2047,+13:44:07.144,9.23,9.089,9.209,10.8,3.47,2457287.74564,0.0003,3.0801716,5.3e-06,11.0,5.0,86.01
KELT-18b,low,11,0,14:26:05.7574,+59:26:39.288,10.16,9.941,10.104,9.35,4.65,2457838.3101,0.0004,2.8717023,1.9e-06,-1.3,5.26,57.56
KELT-19Ab,alert,8,8,07:26:02.2900,+07:36:56.814,9.86,9.733,9.863,13.52,4.4,2457281.24954,0.00036,4.6117093,8.8e-06,19.4,5.0,90.18
KELT-20b,medium,0,0,19:38:38.7352,+31:13:09.215,7.58,7.544,7.575,15.61,3.53,2457503.12005,0.00019,3.4741085,1.9e-06,0.0,5.0,236.09
KELT-21b,medium,0,0,20:19:12.0049,+32:34:51.762,10.48,10.453,10.541,12.2,4.11,2457382.64073,0.00041,3.6127628,3.8e-06,0.0,5.0,52.04
KELT-23Ab,low,15,14,15:28:35.1926,+66:21:31.544,10.31,10.24,10.182,21.47,2.29,2458140.38698,0.0002,2.25528783,6.8e-07,-0.38,5.0,96.36
KELT-24b,medium,2,2,10:47:38.3510,+71:39:21.156,8.33,8.059,8.238,10.6,4.33,2458268.45459,0.00087,5.5514918,8.6e-06,2.3,5.0,152.6
KOI-12b,medium,0,0,19:49:48.8934,+41:00:39.627,11.51,11.071,11.253,10.37,7.47,2454961.74044,0.00025,17.8552301,3e-07,0.0,5.23,45.39
KOI-13b,medium,0,0,19:07:53.1049,+46:52:06.004,9.7,9.8,10.368,9.39,3.2,2454953.56596,2e-05,1.763588,1e-06,0.0,5.51,49.46
KOI-94c,medium,0,0,19:49:19.9344,+41:53:28.005,12.311,11.978,12.188,0.87,5.18,2454971.0826,0.00038,10.4236888,5.3e-06,0.0,81.41,1.92
KOI-94d,medium,0,0,19:49:19.9344,+41:53:28.005,12.311,11.978,12.188,6.1,6.67,2454965.7397,0.0003,22.3429695,3e-07,0.0,11.27,15.31
KOI-94e,medium,0,0,19:49:19.9344,+41:53:28.005,12.311,11.978,12.188,2.18,8.47,2454994.23915,0.00046,54.319832,3.5e-05,0.0,30.7,6.2
KPS-1b,low,58,18,11:00:40.1821,+64:57:50.345,13.033,12.534,12.793,14.1,1.69,2458678.9091,0.0003,1.7063241,1.5e-06,0.21,7.7,14.19
Kepler-5b,low,2,0,19:57:37.6884,+44:02:06.189,13.384,12.996,13.226,8.42,4.54,2454955.90235,4e-05,3.5484655,5e-08,8.4,12.7,9.55
Kepler-6b,low,9,1,19:47:20.9379,+48:14:23.759,13.344,12.934,13.171,11.88,3.59,2455006.24253,8e-05,3.234699,9e-07,-0.9,9.12,12.47
Kepler-7b,medium,1,0,19:14:19.5623,+41:05:23.365,12.994,12.651,12.865,8.36,5.25,2454957.50626,4e-05,4.8854889,4e-08,0.4,10.79,12.58
Kepler-12b,low,4,0,19:04:58.4220,+50:02:25.271,13.8,13.68,13.36,18.72,4.69,2455004.009119,2e-05,4.4379654,1.1e-06,-0.2,11.89,18.9
Kepler-16b,high,0,0,19:16:18.1759,+51:45:26.777,12.261,11.9,11.747,19.13,7.19,2454973.4306,0.0022,228.776,0.02,0.0,5.22,79.91
Kepler-18d,medium,0,0,19:52:19.0688,+44:44:46.807,13.76,13.93,13.539,3.62,3.73,2454961.1559,0.0007,14.8589187,7e-07,0.0,49.38,3.31
Kepler-41b,medium,2,1,19:38:03.1746,+45:58:53.876,14.509,14.173,14.413,12.05,2.46,2454970.18104,2e-05,1.8555577,3e-07,-3.1,18.66,4.73
Kepler-76b,medium,3,0,19:36:46.1090,+39:37:08.340,13.39,13.072,13.276,6.41,1.47,2454966.549176,2e-05,1.5449298,4e-07,1.0,22.1,4.12
Kepler-105b,high,0,0,19:11:32.9514,+46:16:34.384,12.92,12.89,12.802,0.89,3.3,2454966.142,0.01,5.4122,2e-05,0.0,120.59,1.11
Kepler-396c,medium,0,0,19:44:31.8713,+48:58:38.561,12.26,11.594,11.829,3.68,7.4,2455015.678,0.019,88.510678,2.2e-05,0.0,16.55,12.54
Kepler-422b,medium,2,0,18:50:31.1173,+46:19:23.993,13.562,13.203,13.423,11.61,4.3,2454955.00995,5e-05,7.89144809,6e-08,4.9,10.26,11.07
Kepler-435b,medium,0,0,19:29:08.9490,+43:11:50.160,13.91,13.94,13.604,5.13,9.02,2455010.64241,0.0004,8.6001536,1.8e-06,0.0,31.27,6.22
Kepler-444b,high,0,0,19:19:00.5488,+41:38:04.581,8.86,8.18,8.643,0.03,2.11,2454955.459,0.003,3.600119,4e-06,0.0,1728.09,0.29
Kepler-444c,medium,0,0,19:19:00.5488,+41:38:04.581,8.86,8.18,8.643,0.05,2.26,2454955.4333,0.0016,4.5458697,2e-06,0.0,1019.98,0.46
Kepler-444e,medium,0,0,19:19:00.5488,+41:38:04.581,8.86,8.18,8.643,0.06,2.84,2454960.352,0.0023,7.743503,3e-06,0.0,808.21,0.64
Kepler-444f,high,0,0,19:19:00.5488,+41:38:04.581,8.86,8.18,8.643,0.08,1.86,2454967.8791,0.0011,9.740486,1.3e-05,0.0,668.9,0.75
Kepler-447b,medium,3,1,19:01:04.4557,+48:33:35.944,12.554,12.142,12.379,4.05,1.15,2454970.26082,0.00011,7.794303,3e-06,-0.5,25.95,4.42
Kepler-854b,medium,4,0,19:33:24.3099,+43:08:04.832,13.644,13.283,13.504,15.93,3.9,2454966.985381,1e-05,2.1446334,7e-07,-1.5,9.54,14.35
L98-59b,medium,0,0,08:18:07.6215,-68:18:46.799,11.685,11.294,10.598,0.76,0.97,2458366.17067,0.00036,2.2531136,1.2e-06,0.0,115.69,2.5
L98-59c,medium,0,0,08:18:07.6215,-68:18:46.799,11.685,11.294,10.598,1.93,1.28,2458367.27375,0.00013,3.6906777,1.6e-06,0.0,41.7,7.41
L98-59d,high,0,0,08:18:07.6215,-68:18:46.799,11.685,11.294,10.598,1.77,0.87,2458362.73974,0.00031,7.4507245,8.1e-06,0.0,51.59,6.19
LHS1140b,high,0,0,00:44:59.3314,-15:16:17.543,14.15,13.801,12.671,7.47,2.1,2456915.71228,4e-05,24.73696,8e-05,0.0,25.12,12.23
LHS1140c,high,0,0,00:44:59.3314,-15:16:17.543,14.15,13.801,12.671,4.1,1.15,2458226.84397,3e-05,3.777931,4e-06,0.0,54.12,4.97
LHS1478b,high,0,0,02:57:18.2591,+76:33:11.250,13.304,12.5,12.26,2.42,0.71,2458786.75425,0.00042,1.9495378,4e-06,0.0,58.24,2.9
LHS1678b,high,0,0,04:32:42.6349,-39:47:12.150,12.482,12.131,11.54,0.48,0.77,2459121.1688,0.0052,0.8602322,6.8e-06,0.0,249.6,0.82
LHS1678c,high,0,0,04:32:42.6349,-39:47:12.150,12.482,12.131,11.54,0.96,1.27,2459120.3606,0.004,3.694247,2.4e-06,0.0,105.6,2.11
LHS3844b,high,0,0,22:41:58.1173,-69:10:08.320,15.26,13.74,13.393,5.6,0.52,2458325.7264,0.0003,0.4629291,1.9e-06,0.0,50.98,3.09
LP714-47b,medium,1,1,04:16:45.6005,-12:05:02.454,12.492,12.104,11.728,6.1,1.51,2458438.38421,0.00025,4.052037,4e-06,0.2,15.69,13.27
LP791-18b,high,0,0,11:02:45.9543,-16:24:22.285,16.91,16.267,15.072,4.7,0.6,2458645.94405,0.00066,0.948005,5.8e-06,0.0,302.46,0.99
LP791-18c,high,0,0,11:02:45.9543,-16:24:22.285,16.91,16.267,15.072,21.45,1.21,2458651.29807,0.00041,4.989963,5e-05,0.0,67.78,6.13
LTT1445Ab,high,0,0,03:01:51.3928,-16:35:36.022,10.529,9.364,10.047,2.75,1.53,2458423.42629,0.00044,5.35882,0.0003,0.0,21.63,14.47
LTT3780b,high,0,0,10:18:35.1370,-11:43:00.241,13.14,12.84,11.846,1.42,0.81,2458543.9115,0.0011,0.768448,5.5e-05,0.0,108.71,2.25
LTT3780c,high,0,0,10:18:35.1370,-11:43:00.241,13.14,12.84,11.846,3.63,1.39,2458546.8484,0.0014,12.2519,0.0028,0.0,35.69,7.94
LTT9779b,high,0,0,23:54:40.2073,-37:37:40.523,9.76,9.36,9.6,1.81,0.82,2458354.2143,0.00025,0.792052,9.3e-06,0.0,40.09,7.21
MASCARA-4b,high,0,0,09:50:19.2005,-66:06:49.892,8.19,8.088,8.174,8.11,3.88,2458505.8178,0.003,2.82406,3e-05,0.0,5.65,104.04
MASCARA-1b,high,0,0,21:10:12.3723,+10:44:19.944,8.27,8.138,8.242,6.82,4.05,2457097.2788,0.002,2.14878,8e-06,0.0,6.67,88.65
NGTS-1b,low,3,3,05:30:51.4522,-36:37:50.896,15.57,15.36,14.866,22.8,1.2,2457720.6602,0.00062,2.647298,2e-05,14.1,35.34,6.4
NGTS-2b,alert,6,2,14:20:29.4890,-31:12:07.437,10.961,10.675,10.86,12.03,4.65,2457759.1269,0.0014,4.51116,6e-05,-19.8,5.0,51.46
NGTS-5b,low,4,4,14:44:13.9704,+05:36:19.417,13.77,13.6,13.526,29.27,2.2,2457740.35262,0.00026,3.3569866,2.6e-06,3.8,11.36,20.7
NGTS-6b,low,10,10,05:03:10.9028,-30:23:57.719,14.12,13.98,13.818,14.89,0.96,2457982.3784,0.0003,0.882059,8e-07,0.6,17.6,6.47
NGTS-8b,high,0,0,21:55:54.1981,-14:04:06.225,13.72,13.53,13.495,16.88,2.61,2457500.17909,0.00072,2.4997,1e-05,0.0,10.92,12.96
NGTS-11b,high,0,0,01:34:05.1360,-14:25:09.155,12.41,12.18,12.189,11.05,3.6,2458390.7043,0.0016,35.45533,0.00019,0.0,7.28,23.17
NGTS-12b,alert,1,1,11:45:00.0094,-35:38:26.137,12.27,12.25,12.128,6.1,5.89,2458572.8549,0.0017,7.532806,4.8e-05,-22.7,12.51,15.49
NGTS-13b,high,0,0,11:44:57.6835,-38:08:22.961,12.744,12.341,12.569,5.71,5.28,2458572.8247,0.0018,4.119027,2.3e-05,0.0,14.0,10.45
Qatar-1b,low,102,8,20:13:31.6176,+65:09:43.490,12.84,12.65,12.476,25.4,1.66,2457026.47712,5e-05,1.42002461,7e-08,-0.3,7.0,31.06
Qatar-2b,low,23,4,13:50:37.4100,-06:48:14.419,13.3,13.45,13.028,37.71,1.84,2457173.98591,3e-05,1.33711716,1.2e-07,-2.16,10.44,35.14
Qatar-3b,low,5,2,23:56:36.4831,+36:12:46.773,12.88,12.89,12.82,10.12,3.1,2457312.48458,0.0001,2.507895,3e-06,5.2,10.78,12.82
Qatar-4b,low,44,14,00:19:26.2245,+44:01:39.484,13.6,13.68,13.411,25.42,2.14,2458767.93317,0.00014,1.8053646,6e-07,-0.12,11.89,18.63
Qatar-5b,low,8,0,00:28:12.9437,+42:03:40.943,12.82,12.86,12.524,14.94,2.9,2457489.3612,0.00017,2.8793002,1e-06,-0.1,7.71,21.13
Qatar-6b,low,4,4,14:48:50.4764,+22:09:09.160,11.5,11.161,11.125,19.68,1.59,2457784.0327,0.00049,3.506195,1.8e-05,4.94,5.0,51.83
Qatar-7b,low,7,7,23:54:03.6389,+37:01:18.584,13.03,13.02,12.927,15.92,3.58,2458043.32075,0.00016,2.032046,9.7e-06,-24.0,8.33,19.03
Qatar-8b,low,7,7,10:29:39.1059,+70:31:37.649,11.71,11.126,11.349,12.32,4.13,2458210.8392,0.001,3.7146428,6e-06,2.6,5.0,40.85
Qatar-9b,low,46,42,10:42:59.5933,+60:57:51.159,14.023,13.84,13.687,31.38,1.87,2458227.75643,0.00027,1.540731,3.8e-05,55.06,13.06,20.11
Qatar-10b,low,9,8,18:57:46.5537,+69:34:15.066,12.868,12.483,12.698,20.57,2.77,2458247.90746,0.00036,1.645321,1e-05,4.7,6.51,24.55
TIC257060897b,low,1,1,15:10:07.6705,+72:42:37.247,11.81,11.455,11.666,8.95,4.61,2458708.9983,0.0003,3.660028,6e-06,0.3,7.0,25.5
TOI-122b,high,0,0,22:11:47.2998,-58:56:42.251,15.526,14.266,14.336,6.43,1.25,2458425.60256,0.00063,5.07803,1.5e-05,0.0,44.18,2.91
TOI-125b,high,0,0,01:34:22.7347,-66:40:32.952,11.02,10.472,10.718,1.16,2.98,2458355.3553,0.001,4.65382,0.00033,0.0,48.51,4.73
TOI-125c,high,0,0,01:34:22.7347,-66:40:32.952,11.02,10.472,10.718,1.12,2.88,2458361.9085,0.0013,9.15059,0.0007,0.0,50.59,4.54
TOI-150.01,high,0,0,07:31:51.7567,-73:36:22.149,11.39,11.118,11.341,8.9,5.89,2458326.2781,0.00086,5.857487,8.9e-05,0.0,6.32,35.0
TOI-157b,low,4,4,04:54:48.2930,-76:40:49.888,12.725,12.274,12.514,13.24,2.15,2458326.54771,0.00022,2.0845435,2.3e-06,-3.7,7.0,17.09
TOI-163b,alert,2,2,05:19:04.3570,-71:53:44.150,11.47,11.11,11.219,10.49,4.42,2458328.8805,0.00062,4.231306,6.3e-05,-76.8,5.58,36.38
TOI-169b,high,2,2,01:07:06.8032,-75:11:55.960,12.355,12.011,12.238,6.3,1.71,2458327.44174,0.00065,2.2554477,6.3e-06,0.0,14.25,8.6
TOI-172b,high,0,0,21:06:31.6564,-26:41:33.474,11.3,10.965,11.193,4.13,4.73,2458345.8734,0.0013,9.47725,0.00064,0.0,13.61,15.98
TOI-178d,high,0,0,00:29:12.3030,-30:27:13.464,11.95,10.883,11.152,1.7,2.35,2458747.14623,0.00087,6.5577,1.6e-05,0.0,37.12,5.48
TOI-178e,high,0,0,00:29:12.3030,-30:27:13.464,11.95,10.883,11.152,1.2,2.5,2458751.4658,0.0016,9.961881,4.2e-05,0.0,51.84,4.02
TOI-178g,high,0,0,00:29:12.3030,-30:27:13.464,11.95,10.883,11.152,1.5,2.17,2458748.0302,0.0023,20.7095,0.00014,0.0,42.86,5.0
TOI-201b,medium,0,0,05:49:36.4133,-54:54:38.555,9.715,8.745,8.94,6.96,4.81,2458376.052,0.0003,52.97818,4e-05,0.0,6.49,81.34
TOI-216.01,high,0,0,04:55:55.2548,-63:15:36.313,12.418,11.903,12.163,20.94,5.48,2458331.28611,0.00068,34.556,0.014,0.0,5.22,53.21
TOI-216.02,high,0,0,04:55:55.2548,-63:15:36.313,12.418,11.903,12.163,4.06,2.0,2458325.3278,0.0026,17.089,0.011,0.0,20.51,7.0
TOI-237b,high,0,0,23:32:58.2699,-29:24:54.188,16.37,14.794,14.754,5.12,1.22,2458697.7198,0.0008,5.436098,3.9e-05,0.0,77.98,1.71
TOI-257b,high,0,0,03:10:03.9823,-50:49:56.580,7.54,7.211,7.417,1.45,6.49,2458385.7601,0.0013,18.38818,0.00085,0.0,28.77,37.18
TOI-269b,high,0,0,05:03:23.0611,-54:10:37.925,14.41,13.92,13.426,5.3,0.99,2458381.84668,0.00033,3.6977104,3.7e-06,0.0,47.05,3.45
TOI-270b,high,0,0,04:33:39.7202,-51:57:22.436,12.617,12.147,11.631,1.16,1.39,2458461.01464,0.00084,3.36008,6.5e-05,0.0,85.52,2.56
TOI-270c,high,0,0,04:33:39.7202,-51:57:22.436,12.617,12.147,11.631,4.52,1.66,2458463.08481,0.00025,5.660172,3.5e-05,0.0,20.9,10.78
TOI-270d,high,0,0,04:33:39.7202,-51:57:22.436,12.617,12.147,11.631,3.52,2.15,2458469.33834,0.00052,11.38014,0.00011,0.0,25.1,9.57
TOI-421b,high,0,0,05:27:24.8258,-14:16:37.047,9.93,9.535,9.778,0.67,1.05,2458441.2847,0.002,5.19672,0.00049,0.0,100.69,2.81
TOI-421c,high,0,0,05:27:24.8258,-14:16:37.047,9.93,9.535,9.778,3.24,2.68,2458440.13162,0.0007,16.06819,0.00035,0.0,16.16,20.62
TOI-431b,high,0,0,05:33:04.6006,-26:43:28.268,9.13,8.527,8.792,0.34,1.07,2458627.538,0.003,0.490047,1e-05,0.0,187.1,2.2
TOI-431d,medium,0,0,05:33:04.6006,-26:43:28.268,9.13,8.527,8.792,2.32,3.42,2458627.5453,0.0003,12.46103,2e-05,0.0,20.4,26.51
TOI-451c,high,0,0,04:11:51.9470,-37:56:23.219,10.94,10.513,10.75,1.4,3.57,2458411.7956,0.0048,9.192522,6e-05,0.0,39.06,6.03
TOI-451d,medium,0,0,04:11:51.9470,-37:56:23.219,10.94,10.513,10.75,2.32,4.1,2458416.63478,0.00088,16.364988,4.4e-05,0.0,23.03,10.78
TOI-481b,medium,0,0,07:22:02.9954,-57:23:05.599,9.97,9.619,9.847,5.01,5.76,2458511.6418,0.0002,10.33111,2e-05,0.0,9.25,42.54
TOI-530b,high,1,1,06:53:39.0655,+12:52:54.652,15.454,15.155,14.644,31.63,2.58,2458470.1998,0.0016,6.387597,1.9e-05,-5.6,30.64,14.77
TOI-540b,high,0,0,05:05:14.4286,-47:56:15.529,14.365,13.007,12.894,2.05,0.48,2458411.82601,0.00046,1.2391491,1.7e-06,0.0,99.02,1.54
TOI-559b,medium,0,0,03:07:16.4955,-31:09:45.700,11.107,11.064,10.978,10.87,5.16,2458893.81305,0.00023,6.9839095,5.1e-06,0.0,5.22,47.87
TOI-561b,high,0,0,09:52:44.5490,+06:12:58.924,10.25,9.776,10.013,0.31,1.33,2458517.498,0.001,0.446578,1.7e-05,0.0,205.88,1.19
TOI-561c,high,0,0,09:52:44.5490,+06:12:58.924,10.25,9.776,10.013,1.27,3.85,2458527.06,0.004,10.779,0.004,0.0,39.17,8.28
TOI-564b,high,1,1,08:41:10.8395,-16:02:10.607,11.308,10.67,11.142,3.65,1.04,2458549.57554,0.00045,1.651144,1.8e-05,0.7,21.0,7.55
TOI-628b,low,3,3,06:37:03.1360,+01:46:03.195,10.11,9.847,10.058,8.55,3.8,2458629.47972,0.00039,3.4095675,7e-06,-2.1,5.89,51.95
TOI-640b,low,2,2,06:38:56.3074,-36:38:46.144,10.51,10.203,10.401,7.38,3.64,2458459.73877,0.00071,5.0037775,4.8e-06,-5.2,7.12,38.13
TOI-674b,low,5,5,10:58:20.9850,-36:51:29.134,14.203,13.914,13.091,15.57,1.09,2458641.40455,0.0001,1.977143,3e-06,15.9,15.54,14.0
TOI-677b,high,1,1,09:36:28.6865,-50:27:47.793,9.82,9.454,9.661,10.91,2.47,2458547.47448,0.00028,11.2366,0.00011,0.3,5.0,65.15
TOI-700b,high,0,0,06:28:23.2287,-65:34:45.521,13.08,12.66,12.066,0.67,2.4,2458490.9867,0.0027,9.97702,0.00024,0.0,155.21,1.52
TOI-700c,high,0,0,06:28:23.2287,-65:34:45.521,13.08,12.66,12.066,3.19,1.49,2458548.75256,0.0005,16.05111,6.2e-05,0.0,36.89,6.4
TOI-776b,high,0,0,11:54:18.3919,-37:33:09.836,11.536,11.104,10.741,1.32,2.43,2458571.4167,0.001,8.24661,5e-05,0.0,49.42,5.83
TOI-776c,high,0,0,11:54:18.3919,-37:33:09.836,11.536,11.104,10.741,1.53,2.99,2458572.5999,0.0018,15.6653,0.0004,0.0,40.79,7.56
TOI-824b,high,0,0,14:48:39.8123,-57:35:17.557,11.31,10.47,10.762,1.64,1.15,2458639.60354,0.00035,1.392978,1.8e-05,0.0,43.92,4.6
TOI-837b,high,0,0,10:28:08.9905,-64:30:18.933,10.64,10.137,10.356,5.06,1.99,2458574.27253,0.00059,8.324876,1.6e-05,0.0,11.71,20.9
TOI-892b,high,0,0,05:46:57.1748,-11:14:07.316,11.43,11.137,11.343,7.82,5.62,2458475.689,0.002,10.62656,7e-05,0.0,7.26,29.31
TOI-905b,alert,2,2,15:10:38.1656,-71:21:41.236,11.08,10.838,11.081,17.5,2.01,2458643.30898,0.0002,3.739494,3.8e-05,28.2,5.0,49.92
TOI-954b,medium,0,0,04:07:45.8606,-25:12:31.231,10.38,10.36,10.232,2.54,5.05,2458411.90651,0.00084,3.6849729,2.7e-06,0.0,19.97,17.04
TOI-1130b,high,0,0,19:05:30.2235,-41:26:15.082,11.59,10.636,10.903,3.14,1.89,2458658.74627,0.00072,4.066499,4.6e-05,0.0,20.38,10.46
TOI-1130c,high,0,0,19:05:30.2235,-41:26:15.082,11.59,10.636,10.903,16.44,1.97,2458657.90461,0.00021,8.350381,3.2e-05,0.0,5.0,61.75
TOI-1201b,medium,0,0,02:48:59.2728,-14:32:14.943,12.26,12.68,12.097,2.48,1.5,2459169.23222,0.00052,2.4919863,3e-06,0.0,47.73,4.43
TOI-1231b,medium,0,0,10:26:59.4934,-52:28:09.945,12.302,11.903,11.36,6.49,3.27,2458685.1163,0.00048,24.245586,6.4e-05,0.0,11.53,24.92
TOI-1259Ab,low,5,5,18:48:24.0713,+79:15:21.760,12.144,11.832,11.81,30.65,2.48,2458686.701332,9.7e-05,3.477978,1.9e-06,-1.3,5.1,66.37
TOI-1266c,high,0,0,13:11:59.5602,+65:50:01.703,12.951,12.582,12.122,1.41,2.19,2458821.5706,0.0034,18.80151,0.00067,0.0,73.04,3.01
TOI-1296b,low,3,3,17:07:05.0183,+70:14:18.635,11.37,11.053,11.291,7.73,4.83,2458930.75532,0.00019,3.9443715,5.8e-06,-9.5,7.38,28.94
TOI-1298b,medium,0,0,16:05:17.6072,+70:11:23.461,11.89,11.179,11.404,4.94,3.95,2458929.58558,0.00031,4.537164,1.2e-05,0.0,12.21,15.39
TOI-1333b,medium,0,0,21:40:03.5039,+48:24:24.525,9.437,9.44,9.35,6.88,4.64,2458913.37033,0.00045,4.720219,1.1e-05,0.0,6.86,63.0
TOI-1431b,low,1,1,21:04:48.8646,+55:35:16.509,8.02,7.861,7.976,6.16,2.49,2458739.17737,7e-05,2.650237,3e-06,0.6,8.06,74.27
TOI-1478b,low,1,1,08:25:44.1070,-13:33:35.427,10.72,10.433,10.662,13.56,4.24,2458607.90338,0.00052,10.180249,1.5e-05,0.9,5.0,66.23
TOI-1518b,low,8,7,23:29:04.2246,+67:02:05.377,8.95,8.78,8.895,8.96,2.17,2458787.049255,9.4e-05,1.902603,1.1e-05,5.3,5.89,68.42
TOI-1601b,medium,0,0,02:33:26.7468,+41:00:48.368,10.66,10.309,10.528,4.49,6.35,2458990.55302,0.00081,5.331751,1.1e-05,0.0,10.9,28.11
TOI-1685b,high,0,0,04:34:22.4952,+43:02:14.689,13.378,13.017,12.296,1.09,0.9,2458816.2255,0.0011,0.6691416,1.9e-06,0.0,147.69,1.37
TOI-1728b,alert,18,18,08:02:26.5503,+64:47:48.931,12.397,11.915,11.729,7.1,1.91,2458843.27427,0.00043,3.49151,6.2e-05,-30.7,11.93,16.21
TOI-1789b,high,0,0,09:30:58.4266,+26:32:24.595,9.72,9.373,9.584,2.72,2.31,2458873.65374,0.00062,3.208664,1.5e-05,0.0,19.68,17.85
TOI-1807b,high,0,0,13:25:07.9958,+38:55:20.946,9.97,9.408,9.675,0.7,0.97,2457000.166,0.024,0.549372,7e-06,0.0,98.07,3.01
TOI-1899b,high,0,0,19:57:42.3954,+40:08:35.754,14.88,13.317,13.555,50.58,4.71,2458711.9578,0.0012,29.02,0.36,0.0,9.72,60.46
TOI-2076b,high,0,0,14:29:34.2428,+39:47:25.544,9.14,8.66,8.91,2.01,3.33,2458847.2776,0.0006,10.35566,6e-05,0.0,23.77,21.01
TOI-3362b,high,0,0,10:23:56.2397,-56:50:35.342,10.86,10.524,10.705,5.28,0.58,2458529.325,0.001,18.09547,3e-05,0.0,17.54,8.63
TRAPPIST-1b,medium,0,0,23:06:29.3684,-05:02:29.031,18.798,16.466,15.645,10.91,0.61,2457322.51736,0.0001,1.5108708,6e-07,0.0,150.06,1.69
TRAPPIST-1c,high,0,0,23:06:29.3684,-05:02:29.031,18.798,16.466,15.645,10.28,0.71,2457282.80728,0.00019,2.4218233,1.7e-06,0.0,150.37,1.72
TRAPPIST-1d,high,0,0,23:06:29.3684,-05:02:29.031,18.798,16.466,15.645,5.48,0.82,2457670.1417,0.0003,4.04961,6e-05,0.0,267.17,0.99
TRAPPIST-1e,high,0,0,23:06:29.3684,-05:02:29.031,18.798,16.466,15.645,7.78,0.95,2457660.3786,0.0004,6.099615,1.1e-05,0.0,179.01,1.51
TRAPPIST-1f,high,0,0,23:06:29.3684,-05:02:29.031,18.798,16.466,15.645,9.54,1.04,2457671.39767,0.00023,9.20669,1.5e-05,0.0,141.75,1.97
TRAPPIST-1g,high,0,0,23:06:29.3684,-05:02:29.031,18.798,16.466,15.645,10.93,1.14,2457665.3494,0.00021,12.35294,0.00012,0.0,120.18,2.37
TRAPPIST-1h,high,0,0,23:06:29.3684,-05:02:29.031,18.798,16.466,15.645,4.89,1.2,2457662.5528,0.0004,18.767,0.004,0.0,263.57,1.09
TrES-1b,low,60,3,19:04:09.8516,+36:37:57.445,11.42,11.34,11.556,25.31,2.5,2454110.97865,6e-05,3.03007008,1e-07,-0.81,5.0,59.62
TrES-2b,low,53,2,19:07:14.0379,+49:18:59.090,11.25,11.05,11.282,15.53,1.79,2455148.47118,3e-05,2.47061373,9e-08,0.27,5.0,36.41
TrES-3b,low,109,0,17:52:07.0185,+37:32:46.237,12.402,12.06,12.2,28.34,1.38,2457536.279521,1.8e-05,1.30618639,3e-08,-0.35,5.52,35.09
TrES-4b,low,8,1,17:53:13.0490,+37:12:42.586,11.592,11.28,11.473,12.05,3.67,2455364.6085,0.0003,3.5539266,8e-07,0.1,5.19,34.22
TrES-5b,low,55,3,20:20:53.2483,+59:26:55.574,13.58,13.77,13.46,24.73,1.82,2456833.6008,6e-05,1.48224718,9e-08,-0.28,12.53,16.42
V1298Taub,high,0,0,04:05:19.5912,+20:09:25.563,10.12,9.57,10.07,6.29,6.56,2457067.0496,0.0018,24.1396,0.0018,0.0,7.23,54.75
V1298Tauc,high,0,0,04:05:19.5912,+20:09:25.563,10.12,9.57,10.07,1.93,4.68,2457064.2797,0.0034,8.24958,0.00072,0.0,24.58,14.12
V1298Taud,high,0,0,04:05:19.5912,+20:09:25.563,10.12,9.57,10.07,2.56,5.49,2457072.3913,0.003,12.4032,0.0015,0.0,18.12,20.22
V1298Taue,high,0,0,04:05:19.5912,+20:09:25.563,10.12,9.57,10.07,4.58,7.45,2457096.6229,0.0023,60.0,60.0,0.0,9.78,42.87
WASP-1b,low,13,1,00:20:40.0746,+31:59:23.953,11.31,11.325,11.535,14.21,3.76,2455215.32701,0.00015,2.5199471,3e-07,0.7,5.0,38.96
WASP-2b,low,37,3,20:30:54.1279,+06:25:46.338,11.98,11.308,11.564,19.49,1.77,2455097.75755,7e-05,2.15222231,1.5e-07,-0.04,5.0,40.79
WASP-3b,low,25,0,18:34:31.6255,+35:39:41.489,10.63,10.52,10.453,13.56,2.8,2455554.83317,7e-05,1.84683511,1.3e-07,0.37,5.0,56.75
WASP-4b,low,18,4,23:34:15.0858,-42:03:41.049,12.48,11.9,12.316,31.37,2.17,2455880.79492,3e-05,1.33823144,3e-08,-0.21,5.22,43.2
WASP-5b,low,6,1,23:57:23.7565,-41:16:37.745,12.3,11.82,11.996,15.65,2.41,2455017.22682,7e-05,1.62843033,1.1e-07,-0.8,5.08,27.25
WASP-6b,low,6,1,23:12:37.7368,-22:40:26.277,11.91,11.735,11.976,27.82,2.61,2455591.28967,7e-05,3.36100207,2.1e-07,1.3,5.0,51.87
WASP-7b,alert,1,0,20:44:10.2207,-39:13:30.859,9.5,9.196,9.377,11.26,3.89,2455446.6349,0.0003,4.954642,3e-06,14.3,5.0,93.65
WASP-8b,high,2,0,23:59:36.0711,-35:01:52.923,9.87,9.91,9.612,15.33,4.41,2454679.3347,0.0005,8.158715,1.6e-05,7.7,5.0,130.15
WASP-10b,low,54,7,23:15:58.3005,+31:27:46.294,12.7,12.03,12.174,34.78,2.27,2455638.24761,4e-05,3.09272826,1e-07,-0.25,5.46,58.59
WASP-11b,low,26,9,03:09:28.5427,+30:40:24.868,11.57,11.42,11.554,23.79,2.58,2456200.28683,9e-05,3.722479,3e-07,0.68,5.0,59.68
WASP-12b,low,70,26,06:30:32.7966,+29:40:20.266,11.57,11.288,11.5,17.81,3.0,2456594.6816,4e-05,1.09141964,4e-08,-2.55,5.0,44.95
WASP-13b,low,8,6,09:20:24.7143,+33:52:56.699,10.42,10.17,10.38,10.97,3.89,2455575.5144,0.0016,4.353011,1.3e-05,2.3,5.0,57.54
WASP-14b,low,12,1,14:33:06.3573,+21:53:40.982,9.745,9.465,9.646,10.53,2.85,2455643.79792,0.00011,2.24376628,2.4e-07,0.8,5.0,66.21
WASP-15b,low,4,0,13:55:42.7119,-32:09:34.615,10.91,10.604,10.797,11.0,3.75,2455890.4286,0.0003,3.7520987,1.6e-06,1.5,5.01,44.68
WASP-16b,low,6,0,14:18:43.9226,-20:16:31.842,11.29,11.0,11.125,13.62,2.1,2455732.07584,0.00022,3.1186037,7e-07,-0.2,5.0,38.67
WASP-17b,low,3,0,15:59:50.9489,-28:03:42.309,11.59,11.31,11.38,19.46,4.35,2454592.8015,0.0005,3.7354845,1.9e-06,2.4,5.0,61.21
WASP-18b,medium,3,0,01:37:25.0335,-45:40:40.376,9.3,8.979,9.166,12.09,2.18,2455562.11007,7e-05,0.94145254,8e-08,0.6,5.0,82.94
WASP-19b,low,30,6,09:53:40.0764,-45:39:33.055,12.31,12.12,12.109,22.96,1.66,2456688.273095,2.3e-05,0.788839195,1.9e-08,-0.75,5.64,32.51
WASP-20b,low,6,0,00:20:38.5321,-23:56:08.793,10.779,10.439,10.65,12.25,3.29,2456367.3093,0.0004,4.8996461,1.6e-06,-1.2,5.0,51.84
WASP-21b,low,6,0,23:09:58.2534,+18:23:45.882,11.55,11.52,11.399,14.28,3.4,2457660.73516,0.00016,4.3225038,8e-07,0.7,5.0,41.05
WASP-22b,low,3,1,03:31:16.3269,-23:49:10.841,11.99,11.41,11.582,12.55,3.48,2455532.72776,0.00022,3.5327306,7e-07,-2.2,5.19,32.19
WASP-23b,low,15,6,06:44:30.6134,-42:45:42.666,12.52,12.31,12.321,22.7,2.41,2456333.00703,8e-05,2.94442732,2.2e-07,0.14,6.06,34.46
WASP-24b,low,12,1,15:08:51.7366,+02:20:35.964,11.22,11.43,11.394,12.2,2.75,2455402.12744,0.00015,2.3412202,3e-07,0.9,5.61,31.43
WASP-25b,low,10,0,13:01:26.3760,-27:31:19.920,11.87,11.82,11.688,24.96,2.76,2456396.9176,0.0004,3.7648334,9e-07,0.22,5.08,55.99
WASP-26b,low,5,1,00:18:24.7008,-15:16:02.277,11.3,10.99,10.994,9.9,2.3,2456631.49797,0.00023,2.7565963,6e-07,-0.4,6.55,30.16
WASP-28b,medium,4,0,23:34:27.8815,-01:34:48.112,12.03,11.817,12.029,17.53,3.29,2457683.40894,3e-05,3.4088353,3e-07,1.8,5.07,34.07
WASP-29b,medium,8,2,23:51:31.0840,-39:54:24.259,11.33,10.896,10.893,13.36,2.63,2456347.98683,0.00014,3.9227124,4e-07,0.7,5.0,49.22
WASP-31b,low,4,0,11:17:45.3578,-19:03:17.216,11.66,11.98,11.816,17.25,2.67,2456183.80208,0.0002,3.4058841,8e-07,5.6,5.36,34.43
WASP-32b,low,7,1,00:15:50.8077,+01:12:01.586,11.26,11.63,11.409,14.62,2.42,2456893.71806,0.00017,2.7186631,4e-07,0.2,5.07,34.88
WASP-33b,alert,7,1,02:26:51.0582,+37:33:01.737,8.14,7.948,8.07,14.51,2.74,2454163.22451,0.00026,1.2198669,1.2e-06,16.9,5.0,168.45
WASP-34b,low,6,4,11:01:35.8978,-23:51:38.384,10.28,10.21,10.205,11.0,2.11,2454647.5543,0.0006,4.317678,5e-06,9.3,5.37,50.67
WASP-35b,low,9,4,05:04:19.6324,-06:13:47.376,10.94,10.638,10.853,20.05,3.16,2455932.9992,0.00015,3.1615699,4e-07,-0.9,5.0,73.87
WASP-36b,low,29,12,08:46:19.2977,-08:01:37.012,12.7,12.412,12.628,21.27,1.82,2456526.07935,6e-05,1.53736541,1.1e-07,0.35,6.32,22.01
WASP-37b,low,8,0,14:47:46.5618,+01:03:53.802,12.704,12.87,12.542,18.89,3.14,2457524.4596,0.0003,3.5774793,8e-07,-0.0,7.75,26.65
WASP-38b,alert,2,0,16:15:50.3652,+10:01:57.284,9.39,9.22,9.21,9.4,4.66,2455335.9213,0.0007,6.87181,5e-05,62.8,5.0,93.69
WASP-39b,low,5,1,14:29:18.4151,-03:26:40.203,12.09,12.17,11.887,27.26,2.88,2455342.9696,0.00014,4.05528,7e-07,0.0,5.74,56.97
WASP-41b,low,9,2,12:42:28.4949,-30:38:23.527,11.63,11.39,11.282,24.98,2.61,2455996.67927,0.0001,3.0524015,4e-07,0.47,5.0,68.69
WASP-42b,low,3,3,12:51:55.5580,-42:04:25.094,12.57,11.708,11.969,21.38,2.9,2455650.56728,0.00015,4.9816819,1.1e-06,-0.5,5.0,45.09
WASP-43b,low,67,22,10:19:38.0089,-09:48:22.603,12.4,12.08,11.907,29.73,1.23,2456047.051715,2.2e-05,0.81347414,3e-08,-0.31,5.56,47.99
WASP-44b,low,10,0,00:15:36.7694,-11:56:17.286,12.9,13.17,12.896,19.47,2.24,2456006.39613,9e-05,2.4238107,3e-07,1.8,8.99,19.59
WASP-45b,low,12,2,00:20:56.9940,-35:59:53.747,11.8,12.2,12.049,10.92,1.71,2458254.7392,0.0003,3.1260777,8e-07,0.0,8.76,17.49
WASP-46b,low,16,1,21:14:56.8596,-55:52:18.460,12.9,13.06,12.852,21.92,1.65,2456842.7141,0.00017,1.43037222,2.3e-07,-0.68,8.5,19.22
WASP-47b,medium,9,3,22:04:48.7262,-12:01:08.000,11.99,11.82,11.789,14.01,3.57,2456354.946,0.0003,4.1591496,1e-06,0.7,5.15,34.18
WASP-48b,low,23,0,19:24:38.9615,+55:28:23.331,11.65,11.61,11.523,10.69,3.11,2456176.98991,0.00012,2.1436364,3e-07,0.7,6.53,26.95
WASP-49b,low,8,3,06:04:21.4734,-16:57:55.108,11.35,11.057,11.291,14.42,2.16,2456198.14045,0.00014,2.7817366,5e-07,-0.4,5.0,37.07
WASP-50b,low,21,6,02:54:45.1342,-10:53:53.026,11.44,11.599,11.552,22.62,1.81,2457701.39451,0.00023,1.9550928,3e-07,0.27,5.0,45.94
WASP-52b,low,42,7,23:13:58.7575,+08:45:40.571,12.0,12.03,11.954,33.05,1.82,2456770.05972,4e-05,1.74978119,1e-07,0.7,5.46,55.09
WASP-53b,low,5,2,02:07:38.2093,-20:39:42.761,12.6,12.44,12.347,22.72,2.26,2456284.48161,0.00015,3.3098436,5e-07,-0.0,6.39,33.84
WASP-54b,alert,2,1,13:41:49.0301,-00:07:41.033,10.41,10.0,10.244,10.73,4.47,2455522.0445,0.0008,3.693649,1.3e-05,-72.9,5.0,63.79
WASP-55b,low,4,1,13:35:01.9537,-17:30:12.526,11.75,11.555,11.775,20.5,3.56,2456720.37845,0.0001,4.4656299,8e-07,-0.4,5.0,48.47
WASP-56b,low,11,2,12:13:27.8908,+23:03:20.429,11.48,10.7,12.003,13.44,3.63,2455841.60939,0.00023,4.6170654,2.1e-06,-5.6,5.0,28.69
WASP-57b,low,10,3,14:55:16.8228,-02:03:27.599,13.04,12.9,12.729,16.71,2.33,2456433.2863,0.0001,2.838918,6e-07,-0.5,7.86,18.74
WASP-58b,low,6,0,18:18:48.2530,+45:10:19.259,11.66,11.423,11.635,18.14,3.8,2457692.5406,0.0004,5.0172137,1.6e-06,-0.4,5.0,47.83
WASP-59b,high,3,2,23:18:29.5475,+24:53:21.436,12.78,12.37,12.314,23.25,2.47,2455830.95634,0.00053,7.919585,1e-05,2.7,6.21,40.19
WASP-60b,low,6,0,23:46:39.9747,+31:09:21.372,12.18,11.792,12.02,7.61,3.34,2458902.6003,0.0006,4.305007,3e-06,-0.5,9.49,15.5
WASP-61b,medium,5,1,05:01:11.9187,-26:03:14.966,12.49,11.879,12.07,11.56,4.06,2456152.57714,0.00023,3.855898,1e-06,-1.9,6.2,23.54
WASP-62b,medium,6,1,05:48:33.5937,-63:59:18.386,10.21,9.93,10.072,15.92,3.81,2458427.55327,4e-05,4.4119395,4e-07,-1.0,5.0,94.07
WASP-63b,medium,3,1,06:17:20.7486,-38:19:23.754,11.15,10.684,10.919,8.06,5.43,2455921.6535,0.0005,4.37809,6e-06,-9.2,6.53,38.95
WASP-64b,low,15,3,06:44:27.6052,-32:51:30.178,12.29,12.292,12.526,20.12,2.42,2456444.76501,0.00012,1.57329025,1.5e-07,0.0,6.02,25.8
WASP-65b,low,27,6,08:53:17.8286,+08:31:22.811,12.45,11.76,11.751,17.15,2.75,2456912.75129,0.00019,2.3114217,4e-07,-0.26,5.0,36.4
WASP-66b,medium,4,1,10:32:53.9927,-34:59:23.456,11.6,11.4,11.59,8.26,4.54,2455929.0969,0.0003,4.086052,7e-06,1.2,7.5,23.64
WASP-67b,low,9,0,19:42:58.5217,-19:56:58.523,12.54,11.66,11.914,11.61,1.75,2456618.0537,8e-05,4.6144166,4e-07,-0.4,6.96,20.77
WASP-68b,alert,3,0,20:20:22.9859,-19:18:52.921,10.67,10.181,10.409,7.36,5.14,2456064.8636,0.0006,5.084298,1.5e-05,15.6,6.74,44.85
WASP-69b,low,7,0,21:00:06.1969,-05:05:40.037,9.87,9.22,9.485,20.55,2.24,2457176.17789,0.00017,3.868139,6e-07,-1.9,5.0,142.91
WASP-70Ab,medium,2,0,21:01:54.4800,-13:25:59.710,10.79,11.12,11.032,12.32,3.35,2456319.4479,0.0004,3.7130169,1.2e-06,0.1,5.0,43.3
WASP-71b,alert,1,0,01:57:03.2040,+00:45:31.878,10.56,10.356,10.568,5.66,5.07,2455738.8505,0.0007,2.903675,7e-06,10.0,8.96,30.79
WASP-72b,high,1,0,02:44:09.6097,-30:10:08.561,10.96,10.47,10.838,5.22,3.85,2455583.6529,0.0021,2.216742,8e-06,4.5,10.29,21.43
WASP-73b,medium,0,0,21:19:47.9065,-58:08:55.993,10.47,10.052,10.261,4.24,5.62,2456365.7688,0.0011,4.087286,9e-06,0.0,11.39,28.28
WASP-74b,low,6,0,20:18:09.3209,-01:04:32.610,9.75,9.348,9.572,9.31,2.34,2457205.93774,0.0001,2.1377516,6e-07,2.2,5.74,60.39
WASP-75b,low,10,2,22:49:32.5677,-10:40:31.927,11.46,11.123,11.335,9.92,1.98,2457340.345,0.0003,2.4841987,6e-07,-1.8,6.96,23.57
WASP-76b,low,9,4,01:46:31.8576,+02:42:02.033,9.52,9.196,9.395,15.65,3.79,2457273.4191,0.0005,1.8098806,7e-07,1.7,5.0,127.89
WASP-77Ab,low,25,5,02:28:37.226,-07:03:38.39,10.12,10.23,10.097,22.93,2.18,2456663.34757,0.00012,1.36002922,1.3e-07,-0.86,5.0,105.84
WASP-78b,medium,3,0,04:15:01.5043,-22:06:59.103,11.96,12.43,12.188,8.0,4.8,2456922.0975,0.0003,2.1751852,5e-07,0.6,10.48,16.77
WASP-79b,medium,2,0,04:25:29.0168,-30:36:01.610,10.04,9.802,9.972,15.42,3.85,2458200.47327,0.00018,3.6623925,2.1e-06,-5.5,5.0,94.18
WASP-80b,low,20,0,20:12:40.1691,-02:08:39.191,11.939,11.51,11.273,40.26,2.14,2456671.49615,4e-05,3.06785271,1.9e-07,-0.33,5.0,120.72
WASP-81b,low,13,0,20:16:49.8900,+03:17:38.454,12.47,12.37,12.333,16.66,3.5,2456969.77318,0.0002,2.7164835,4e-07,1.0,6.21,28.44
WASP-82b,medium,1,0,04:50:38.5586,+01:53:38.103,10.07,9.702,9.898,8.16,5.1,2456931.8452,0.0008,2.705785,2e-06,-2.0,5.82,60.83
WASP-83b,medium,4,0,12:40:36.4947,-19:17:03.470,12.88,11.766,12.008,13.86,3.42,2457121.9961,0.0003,4.9712917,1.2e-06,1.5,5.16,29.32
WASP-84b,low,17,11,08:44:25.7032,+01:51:36.106,10.83,10.327,10.575,19.92,2.75,2456422.48255,0.00014,8.523499,4e-06,-1.93,5.0,85.59
WASP-85Ab,low,8,1,11:43:38.0162,+06:33:49.419,10.41,10.34,10.624,25.23,2.64,2456847.472867,1e-05,2.6556765,4e-07,-1.5,5.0,104.22
WASP-87b,low,4,3,12:21:17.9260,-52:50:26.999,10.73,10.513,10.709,9.08,3.05,2457082.07733,0.00021,1.682795,1.9e-06,-1.8,6.23,35.24
WASP-88b,medium,2,0,20:38:02.6869,-48:27:43.425,11.4,11.282,11.478,9.18,6.07,2458005.5181,0.0006,4.9540021,2.2e-06,0.0,6.32,32.47
WASP-89b,low,5,0,20:55:35.9893,-18:58:16.047,13.1,12.73,12.989,20.46,2.46,2456398.33771,0.00012,3.3564182,5e-07,-0.9,7.26,21.15
WASP-90b,low,10,0,21:02:07.6771,+07:03:22.517,11.7,11.251,11.456,7.12,3.39,2457003.152,0.0004,3.9162624,1.3e-06,1.3,8.84,20.19
WASP-91b,medium,2,2,23:51:22.8514,-70:09:10.276,11.98,11.366,11.624,19.09,2.36,2456297.71978,0.0002,2.798581,3e-06,-1.8,5.0,43.77
WASP-92b,low,25,3,16:26:46.0987,+51:02:27.892,12.92,12.89,12.818,14.94,2.8,2457627.3719,0.0003,2.1746733,6e-07,-0.2,7.82,16.72
WASP-93b,low,21,4,00:37:50.1100,+51:17:19.559,11.09,10.96,10.978,9.6,2.24,2457492.286,0.0003,2.7325358,7e-07,1.7,6.76,28.49
WASP-94Ab,medium,3,1,20:55:07.9445,-34:08:08.007,10.05,10.17,10.029,15.76,4.57,2456416.4022,0.0003,3.950191,4e-06,9.8,5.0,105.37
WASP-95b,medium,3,0,22:29:49.7357,-48:00:11.049,10.09,9.714,9.937,14.02,2.85,2456607.17355,0.00023,2.1846688,6e-07,0.0,5.0,79.31
WASP-96b,low,4,1,00:04:11.1376,-47:21:38.322,12.2,12.15,12.383,15.56,2.45,2457128.07797,0.00022,3.4252565,8e-07,0.7,5.7,22.42
WASP-97b,low,9,3,01:38:25.0566,-55:46:19.526,10.57,10.196,10.424,15.8,2.62,2457186.454,0.00015,2.07276,3e-07,-1.2,5.0,67.76
WASP-98b,medium,7,1,03:53:42.9206,-34:19:41.585,13.0,12.634,12.868,28.66,1.94,2456840.00365,8e-05,2.9626415,4e-07,0.78,6.95,27.2
WASP-99b,high,0,0,02:39:35.4435,-50:00:28.878,9.48,9.116,9.325,5.37,5.38,2456224.9832,0.0014,5.75251,4e-05,0.0,8.43,55.11
WASP-100b,medium,4,1,04:35:50.3302,-64:01:37.332,10.8,10.444,10.615,8.82,3.9,2458500.5573,0.00012,2.849383,2.1e-06,2.0,6.07,39.35
WASP-101b,medium,4,0,06:33:24.2672,-23:29:10.296,10.34,9.947,10.138,13.92,2.72,2456297.36537,0.00019,3.5857072,1.2e-06,-0.1,5.0,68.59
WASP-103b,low,22,1,16:37:15.5753,+07:11:00.119,12.1,11.971,12.193,17.76,2.67,2457132.47094,4e-05,0.92554544,8e-08,0.58,5.34,28.66
WASP-104b,low,34,10,10:42:24.6020,+07:26:06.294,11.12,11.3,11.593,16.44,1.78,2457048.59061,0.00016,1.755406,3e-07,-0.28,5.0,33.11
WASP-105b,medium,0,0,01:36:40.3525,-50:39:33.184,12.04,11.89,11.845,16.49,3.72,2456600.07728,0.0002,7.87288,1e-05,0.0,5.2,41.17
WASP-106b,medium,3,1,11:05:43.1363,-05:04:45.941,11.21,11.164,11.366,8.46,5.37,2456649.5505,0.0003,9.289715,1e-05,-7.1,6.79,30.22
WASP-107b,low,10,2,12:33:32.8440,-10:08:46.223,11.47,10.906,11.174,29.76,2.77,2456680.3346,0.0003,5.721488,3e-06,0.93,5.0,101.25
WASP-110b,medium,0,0,20:23:29.4437,-44:03:30.509,12.59,12.64,12.552,25.6,2.83,2457934.73871,0.00015,3.77840121,8.2e-07,0.0,6.97,35.54
WASP-113b,low,9,2,14:59:29.4780,+46:57:36.480,11.771,11.389,11.604,10.1,4.33,2457201.64037,4e-05,4.54217,3e-06,-0.5,6.17,29.1
WASP-114b,low,15,1,21:50:39.7729,+10:27:46.711,12.743,12.294,12.523,11.67,2.83,2457242.33222,0.0002,1.5487752,3e-07,-1.0,7.52,16.19
WASP-117b,medium,0,0,02:27:06.0977,-50:17:04.312,10.14,9.822,10.027,10.43,5.93,2457355.5137,0.0006,10.020607,1.1e-05,0.0,5.0,79.95
WASP-118b,low,3,3,01:18:12.1381,+02:42:10.251,11.04,10.98,10.92,8.7,4.92,2457423.045614,2e-05,4.046041,3e-06,6.9,6.45,37.67
WASP-119b,medium,8,0,03:43:44.0213,-65:11:37.864,12.2,11.861,12.101,15.96,2.96,2458924.8626,0.0004,2.4998045,1.7e-06,0.7,5.15,29.98
WASP-120b,medium,1,1,04:10:27.8559,-45:53:53.575,10.96,10.721,10.899,6.93,3.59,2456779.4363,0.0005,3.611271,4e-06,-2.5,8.15,26.23
WASP-121b,low,7,2,07:10:24.0606,-39:05:50.570,10.51,10.195,10.375,20.3,2.94,2457404.48798,6e-05,1.27492477,1.2e-07,0.5,5.0,87.87
WASP-123b,low,3,0,19:17:55.0316,-32:51:35.954,11.03,10.667,10.9,13.69,3.11,2456845.1716,0.0004,2.9776412,2.3e-06,2.8,5.0,50.79
WASP-124b,medium,6,3,22:10:51.4418,-30:44:58.762,12.7,12.37,12.575,18.36,2.6,2457173.60811,0.00012,3.3726492,8e-07,0.4,6.21,22.88
WASP-126b,low,8,3,04:13:29.7455,-69:13:36.561,11.203,10.837,11.066,7.97,3.44,2457758.5601,0.0006,3.2887885,1.8e-06,-0.3,7.28,28.09
WASP-127b,low,5,1,10:42:14.0835,-03:50:06.259,10.172,9.74,10.054,13.35,4.32,2457248.7421,0.00016,4.178062,2e-06,1.9,5.0,87.35
WASP-129b,low,4,3,11:45:11.7561,-42:03:50.222,12.18,11.59,11.813,13.59,2.67,2457027.43807,0.0002,5.748145,4e-06,-4.8,5.28,27.92
WASP-130b,medium,2,0,13:32:25.4360,-42:28:30.964,11.1,10.736,10.972,11.32,3.74,2456921.1438,0.0003,11.55098,1e-05,-4.7,5.0,44.62
WASP-131b,low,2,0,14:00:46.4447,-30:35:00.837,10.07,9.658,9.867,7.37,3.89,2456919.8244,0.0004,5.322023,5e-06,-5.0,6.69,51.12
WASP-132b,low,4,0,14:30:26.1892,-46:09:33.122,12.4,11.487,11.754,20.36,3.14,2457732.5679,0.0003,7.1335135,1.8e-06,0.5,5.0,51.08
WASP-133b,medium,4,0,20:58:18.0896,-35:47:47.712,12.9,12.477,12.715,9.73,3.42,2457262.80855,0.00019,2.1764231,8e-07,1.0,9.28,13.38
WASP-135b,low,31,2,17:49:08.3939,+29:52:44.741,13.28,12.98,13.004,20.71,1.65,2458606.9117,0.0003,1.4013788,4e-07,-0.76,8.17,18.1
WASP-136b,medium,0,0,00:01:18.1800,-08:55:34.653,9.928,9.71,9.819,4.91,5.56,2456776.9069,0.0011,5.215357,6e-06,0.0,9.55,40.0
WASP-138b,low,3,1,02:46:33.3867,-00:27:50.316,11.79,11.74,11.687,8.91,4.02,2457326.6226,0.0003,3.634433,5e-06,0.6,7.73,22.9
WASP-139b,low,3,2,03:18:14.9435,-41:18:07.664,12.48,12.3,12.271,14.11,2.77,2457196.7941,0.0003,5.924262,4e-06,2.8,6.26,23.56
WASP-140b,low,5,1,04:01:32.5498,-20:27:03.910,11.12,10.576,10.82,14.06,1.45,2457205.26576,0.00022,2.2359838,7e-07,0.8,5.0,40.59
WASP-141b,alert,3,3,04:47:17.8561,-17:06:54.594,12.4,12.267,12.482,10.78,3.59,2457019.5961,0.0003,3.310651,5e-06,18.1,7.7,16.77
WASP-142b,low,5,1,09:22:01.5338,-23:56:46.202,12.3,12.54,12.757,9.84,2.76,2457007.7787,0.0004,2.052868,2e-06,3.5,9.81,11.76
WASP-144b,low,3,0,21:23:03.0947,-40:02:53.763,13.18,12.94,12.915,14.95,2.1,2457157.27572,0.00015,2.2783152,1.3e-06,-2.3,8.15,15.32
WASP-145Ab,low,1,1,21:29:00.6895,-58:50:10.300,11.59,11.43,11.358,7.45,0.98,2456844.166,0.0003,1.7690381,8e-07,4.0,12.17,14.43
WASP-147b,alert,1,1,23:56:45.9687,-22:09:11.525,12.68,11.965,12.183,8.37,4.4,2456562.5958,0.0013,4.60273,3e-05,16.7,8.66,17.37
WASP-148b,high,3,3,16:56:31.3399,+44:18:09.549,12.04,11.846,12.085,8.79,3.01,2457957.4885,0.0059,8.80381,4.3e-05,8.2,8.52,16.56
WASP-151b,low,2,0,23:16:15.2317,+00:18:24.245,12.9,12.402,12.628,13.55,3.66,2457741.00889,0.0002,4.533471,4e-06,-0.9,6.41,19.8
WASP-153b,low,3,0,18:37:02.9816,+40:01:07.282,12.8,12.273,12.497,10.04,3.86,2458018.151,0.0007,3.3326099,2e-06,-0.1,8.17,16.56
WASP-156b,low,3,2,02:11:07.6236,+02:25:04.876,11.587,11.063,11.323,6.43,2.41,2454677.7078,0.002,3.836169,3e-06,-1.4,10.11,17.54
WASP-157b,low,4,1,13:26:37.2697,-08:19:03.351,12.91,11.954,12.182,8.24,1.94,2457265.70719,9e-05,3.951605,3e-06,2.5,10.36,12.22
WASP-158b,low,2,0,00:16:35.1213,-10:58:35.097,12.04,11.887,12.091,8.0,3.61,2457619.9203,0.001,3.656333,4e-06,-2.0,9.15,15.56
WASP-159b,medium,0,0,04:32:32.7560,-38:58:05.954,12.84,12.081,12.295,5.96,5.71,2457668.0857,0.0009,3.840401,7e-06,0.0,12.15,13.06
WASP-160Bb,low,5,4,05:50:43.0631,-27:37:23.418,13.09,12.632,12.884,22.5,2.85,2457383.65573,0.00021,3.768495,3e-06,-1.4,6.94,26.13
WASP-161b,medium,0,0,08:25:21.0836,-11:30:03.551,11.08,10.711,10.899,5.89,5.16,2457416.5297,0.0011,5.4060425,4.8e-06,0.0,9.03,26.08
WASP-162b,medium,1,0,11:13:10.2913,-17:39:27.885,12.21,11.825,12.065,11.75,4.27,2457701.3824,0.0006,9.62468,1e-05,-8.6,5.96,26.71
WASP-163b,low,1,1,17:06:09.0131,-10:24:46.742,12.663,12.276,12.251,18.07,2.26,2457918.46277,0.0004,1.6096884,1.5e-06,0.7,5.98,29.31
WASP-164b,low,14,2,22:59:29.6187,-60:26:52.115,12.62,12.48,12.468,15.67,1.62,2457747.6583,0.0003,1.7771363,6e-07,1.0,6.87,17.72
WASP-165b,high,1,0,23:50:19.3250,-17:04:39.291,12.683,12.71,12.543,6.78,4.24,2457649.7122,0.0009,3.465509,2.3e-05,2.6,14.07,11.54
WASP-166b,medium,0,0,09:39:30.0860,-20:58:56.877,9.35,9.051,9.257,3.57,3.6,2457664.3289,0.0006,5.44354,4e-06,0.0,13.44,31.04
WASP-167b,low,4,1,13:04:10.5340,-35:32:58.321,10.52,10.424,10.579,9.03,2.98,2456717.82564,0.00019,2.021957,7e-07,2.7,6.21,35.61
WASP-168b,low,3,2,06:26:58.7141,-46:49:17.226,12.12,11.505,11.714,8.53,1.97,2457424.5286,0.0004,4.153658,3e-06,-1.8,8.81,16.51
WASP-169b,medium,0,0,08:29:32.9490,-12:56:41.106,12.17,11.514,11.721,5.81,6.09,2457697.0184,0.0014,5.6114118,9.2e-06,0.0,10.52,18.28
WASP-170b,low,8,6,09:01:39.9237,-20:43:13.344,12.613,12.221,12.469,15.78,2.06,2457802.3923,0.0002,2.3447802,3.6e-06,-2.2,5.86,20.49
WASP-172b,medium,3,0,13:17:44.1223,-47:14:15.277,10.99,10.846,11.01,8.97,5.41,2457032.2625,0.0005,5.477433,7e-06,-1.3,6.03,37.35
WASP-173Ab,low,1,0,23:36:40.3765,-34:36:40.562,11.15,11.5,11.397,15.74,2.32,2457288.85931,0.0002,1.3866532,3e-07,1.3,5.0,37.63
WASP-174b,low,3,0,13:03:10.5634,-41:23:05.412,11.79,11.44,11.683,7.02,2.05,2457465.9336,0.0004,4.2337,3e-06,0.9,10.43,13.76
WASP-175b,low,4,4,11:05:16.5422,-34:07:21.976,12.959,12.497,12.707,12.47,2.69,2457143.78964,0.00034,3.0652907,1.1e-06,5.6,7.67,14.75
WASP-176b,high,0,0,20:54:44.9567,+09:10:44.724,12.01,11.727,11.939,8.26,5.08,2458234.17788,0.0007,3.89905,0.0001,0.0,8.02,21.06
WASP-177b,medium,0,0,22:19:11.3367,-01:50:03.079,12.46,12.13,12.072,11.28,1.61,2457994.3722,0.00028,3.071722,1e-06,0.0,8.42,18.01
WASP-178b,medium,0,0,15:09:04.8930,-42:42:17.789,9.95,9.871,9.912,14.63,3.49,2456927.06917,0.00047,3.3448285,1.2e-06,0.0,5.0,76.84
WASP-180Ab,low,7,7,08:13:34.1536,-01:58:57.985,10.68,11.01,10.913,15.78,3.2,2457763.315,0.0001,3.409264,1e-06,0.7,5.0,55.18
WASP-181b,low,2,2,01:47:10.3796,+03:07:58.897,12.91,12.81,12.783,20.62,3.07,2457747.66978,0.00035,4.5195064,3.4e-06,-4.8,7.53,24.76
WASP-182b,medium,0,0,20:46:41.5598,-41:49:15.202,11.98,11.685,11.917,4.54,2.6,2458018.66098,0.00067,3.3769848,2.4e-06,0.0,16.22,8.99
WASP-183b,low,8,8,10:55:09.3535,-00:44:13.811,13.01,12.94,12.815,24.9,2.09,2457796.1853,0.0024,4.1117771,5.1e-06,-9.8,8.01,26.6
WASP-184b,medium,0,0,13:58:04.0876,-30:20:53.271,12.72,12.7,12.567,8.71,4.8,2457630.0088,0.001,5.1817,1e-05,0.0,10.71,14.91
WASP-185b,alert,1,1,14:16:14.3136,-19:32:32.208,11.019,10.86,10.895,7.55,4.67,2456935.9828,0.002,9.38755,2e-05,-67.5,7.33,34.73
WASP-186b,high,0,0,01:15:58.8508,+21:37:01.006,10.81,10.459,10.651,6.13,2.7,2456237.12028,0.0009,5.026799,1.2e-05,0.0,9.37,23.67
WASP-187b,medium,0,0,01:09:53.9653,+25:40:54.103,10.29,9.915,10.132,3.8,5.94,2455197.3537,0.002,5.147878,5e-06,0.0,12.45,29.06
WASP-190b,low,1,1,00:30:50.2350,-40:34:24.319,11.65,11.454,11.633,7.74,4.54,2457799.1256,0.0007,5.367753,4e-06,7.3,8.11,21.3
WASP-192b,low,3,3,14:54:38.0915,-38:44:40.344,12.67,12.59,12.535,9.16,2.33,2457271.3339,0.0017,2.8786765,2.8e-06,-12.4,11.16,11.8
Wolf503b,high,0,0,13:47:23.4437,-06:08:12.729,10.28,9.631,9.898,0.88,1.32,2458185.3609,0.0005,6.00118,0.00011,0.0,71.86,3.93
XO-1b,low,17,0,16:02:11.8463,+28:10:10.419,11.25,10.81,11.004,23.26,2.97,2455385.51978,5e-05,3.941505,1.8e-07,-0.36,5.0,78.26
XO-2Nb,low,40,10,07:48:06.4726,+50:13:32.921,11.138,10.669,10.972,14.65,2.71,2456923.17711,0.00015,2.61585978,1.9e-07,-0.06,5.0,49.59
XO-3b,low,23,8,04:21:52.7044,+57:49:01.892,9.85,9.567,9.739,8.73,2.94,2455024.34346,0.00013,3.191525,3e-07,-0.6,5.91,53.34
XO-4b,low,14,4,07:21:33.1602,+58:16:05.111,10.81,10.322,10.513,10.15,4.43,2455682.20389,0.00023,4.1250679,6e-07,-0.4,5.09,51.37
XO-5b,low,11,2,07:46:51.9615,+39:05:40.460,12.1,11.95,11.95,13.28,3.12,2455469.7912,0.0003,4.1877562,6e-07,0.2,5.79,27.91
XO-6b,low,25,6,06:19:10.3709,+73:49:39.591,10.25,10.016,10.191,14.17,2.9,2458843.93943,0.00012,3.7649939,1.3e-06,-0.6,5.0,68.14
XO-7b,low,6,6,18:29:54.9290,+85:13:59.575,10.52,10.245,10.457,10.06,2.79,2457917.47503,0.00045,2.8641424,4.3e-06,-6.0,5.53,44.01
piMenc,high,0,0,05:37:09.8851,-80:28:08.831,5.67,5.278,5.491,0.35,2.97,2458325.5031,0.0008,6.26834,0.00024,0.0,132.92,11.62
